Entry	Reviewed	Gene Names
Q39UG2	unreviewed	yjeF nnrD nnrE Gmet_1883
Q39RQ8	unreviewed	prsA prs Gmet_2848
Q39S83	unreviewed	coaBC Gmet_2673
Q39SB7	unreviewed	pckG pckA Gmet_2638
Q39UH0	unreviewed	rdgB Gmet_1875
Q39UR9	unreviewed	carB-1 carB Gmet_1774
Q39V53	unreviewed	pfk-1 pfkA Gmet_1640
Q39V67	unreviewed	ribA ribBA Gmet_1626
Q39X30	unreviewed	argJ Gmet_0952
Q39X44	unreviewed	pfkA pfk-2 Gmet_0938
Q39XX1	unreviewed	carB-2 carB Gmet_0661
Q39XY5	unreviewed	adk Gmet_0647
Q39Y27	unreviewed	asd asd-1 Gmet_0604
Q39Y28	unreviewed	asd asd-2 Gmet_0603
Q39PT8	unreviewed	dnaJ Gmet_3531
Q39PU5	unreviewed	tadA Gmet_3524
Q39PZ8	unreviewed	treZ Gmet_3467
Q39Q40	unreviewed	dnaX Gmet_3422
Q39Q51	unreviewed	atpF atpX Gmet_3411
Q39Q71	unreviewed	mqnC-2 mqnE Gmet_3391
Q39Q72	unreviewed	mqnC-1 mqnC Gmet_3390
Q39QA1	unreviewed	pepA Gmet_3361
Q39QC0	unreviewed	nuoN nuoN-1 Gmet_3342
Q39QC4	unreviewed	priA Gmet_3337
Q39QI9	unreviewed	fabH fabH-1 Gmet_3272
Q39QM2	unreviewed	hppA Gmet_3239
Q39QN8	unreviewed	Gmet_3223
Q39QP2	unreviewed	uvrB Gmet_3219
Q39QP8	unreviewed	thiL Gmet_3213
Q39QQ8	unreviewed	gpmI Gmet_3203
Q39QS9	unreviewed	pcnB Gmet_3182
Q39R96	unreviewed	typA bipA Gmet_3013
Q39RB5	unreviewed	nfo Gmet_2994
Q39RB7	unreviewed	dapF Gmet_2992
Q39RD5	unreviewed	mutS2 mutS-2 Gmet_2974
Q39RF4	unreviewed	hemG Gmet_2953
Q39RH1	unreviewed	thiE tenI Gmet_2935
Q39RJ7	unreviewed	thiD thiE Gmet_2909
Q39RN4	unreviewed	ffh Gmet_2872
Q39RP4	unreviewed	nadE Gmet_2862
Q39RP6	unreviewed	cysN Gmet_2860
Q39RP8	unreviewed	apr cysH Gmet_2858
Q39RQ3	unreviewed	ilvE Gmet_2853
Q39S39	unreviewed	recQ Gmet_2717
Q39S72	unreviewed	mtaP mtnP Gmet_2684
Q39SD6	unreviewed	zwf Gmet_2619
Q39SE8	unreviewed	lpxC Gmet_2607
Q39SL1	unreviewed	lon-1 lon Gmet_2544
Q39SQ8	unreviewed	trpB trpB2 Gmet_2493
Q39SS3	unreviewed	accD Gmet_2476
Q39SW5	unreviewed	kdpB Gmet_2434
Q39T01	unreviewed	tgt tgt-1 Gmet_2398
Q39T06	unreviewed	ftsH ftsH-1 Gmet_2393
Q39T20	unreviewed	Gmet_2379
Q39T39	unreviewed	lysS Gmet_2360
Q39T51	unreviewed	kdtA Gmet_2348
Q39T78	unreviewed	metG Gmet_2321
Q39TA6	unreviewed	guaB Gmet_2293
Q39TD7	unreviewed	sucC sucC-3 Gmet_2261
Q39TD8	unreviewed	sucD-3 sucD Gmet_2260
Q39TV0	unreviewed	moaA-3 moaA Gmet_2095
Q39TX6	unreviewed	sucC sucC-2 Gmet_2069
Q39TX7	unreviewed	sucD-2 sucD Gmet_2068
Q39U58	unreviewed	birA Gmet_1987
Q39UA4	unreviewed	purL purSL Gmet_1941
Q39UA6	unreviewed	purF Gmet_1939
Q39UA7	unreviewed	pyrE Gmet_1938
Q39UB9	unreviewed	ettA Gmet_1926
Q39UD3	unreviewed	acnB Gmet_1912
Q39UE7	unreviewed	hisG hisGL Gmet_1898
Q39UF5	unreviewed	ftsH ftsH-2 Gmet_1890
Q39UF7	unreviewed	dacA Gmet_1888
Q39UH4	unreviewed	lon-2 lon Gmet_1871
Q39UK0	unreviewed	purN Gmet_1845
Q39UK3	unreviewed	pyrK Gmet_1842
Q39UP1	unreviewed	moeA-3 Gmet_1804
Q39US2	unreviewed	carA Gmet_1771
Q39UX1	unreviewed	icmF Gmet_1722
Q39V21	unreviewed	Gmet_1672
Q39V35	unreviewed	queE Gmet_1658
Q39V64	unreviewed	hom Gmet_1629
Q39V69	unreviewed	ribD Gmet_1624
Q39V74	unreviewed	rtcB Gmet_1619
Q39V93	unreviewed	fabH fabH-2 Gmet_1599
Q39VB1	unreviewed	bioD Gmet_1581
Q39VB2	unreviewed	bioA Gmet_1580
Q39VK3	unreviewed	glmS glmS-2 Gmet_1487
Q39VP9	unreviewed	dinB Gmet_1441
Q39VR4	unreviewed	glnD Gmet_1426
Q39VS9	unreviewed	thrS Gmet_1411
Q39VV2	unreviewed	ribF Gmet_1388
Q39VV4	unreviewed	rnr Gmet_1386
Q39W26	unreviewed	fcl Gmet_1312
Q39W49	unreviewed	ptsI Gmet_1289
Q39W53	unreviewed	hprK Gmet_1285
Q39W73	unreviewed	leuA Gmet_1265
Q39W77	unreviewed	ilvN Gmet_1261
Q39W84	unreviewed	uppS Gmet_1254
Q39WG0	unreviewed	ftsY Gmet_1176
Q39WG2	unreviewed	smc Gmet_1174
Q39WG8	unreviewed	dacA Gmet_1168
Q39WG9	unreviewed	menG Gmet_1167
Q39WL4	unreviewed	prpB Gmet_1122
Q39WS2	unreviewed	fdhD mobA Gmet_1062
Q39WU6	unreviewed	moeA-1 Gmet_1038
Q39X26	unreviewed	valS Gmet_0956
Q39X53	unreviewed	rodA Gmet_0929
Q39X91	unreviewed	topA Gmet_0891
Q39XB7	unreviewed	cmk Gmet_0865
Q39XC0	unreviewed	pheA Gmet_0862
Q39XD0	unreviewed	tgt tgt-2 Gmet_0852
Q39XI8	unreviewed	rsgA Gmet_0794
Q39XN0	unreviewed	queH Gmet_0752
Q39XQ2	unreviewed	sucD-1 sucD Gmet_0730
Q39XQ3	unreviewed	sucC sucC-1 Gmet_0729
Q39XW8	unreviewed	nifK Gmet_0664
Q39XX0	unreviewed	nifH Gmet_0662
Q39XY4	unreviewed	map Gmet_0648
Q39Y26	unreviewed	truA Gmet_0605
Q39Y82	unreviewed	metH Gmet_0549
Q39YG1	unreviewed	cbiA Gmet_0470
Q39YG3	unreviewed	cobS Gmet_0468
Q39YG5	unreviewed	cobU Gmet_0466
Q39YL4	unreviewed	ftsZ Gmet_0417
Q39YL6	unreviewed	ddl ftsQ Gmet_0415
Q39YM3	unreviewed	murF Gmet_0408
Q39YN7	unreviewed	dnaG Gmet_0394
Q39YQ0	unreviewed	hemK prmC Gmet_0381
Q39YQ3	unreviewed	thyX Gmet_0378
Q39YQ5	unreviewed	rho Gmet_0376
Q39YS7	unreviewed	mrcA Gmet_0354
Q39YT0	unreviewed	ileS Gmet_0351
Q39YU4	unreviewed	moaA-2 moaA Gmet_0337
Q39YU5	unreviewed	moeA-2 Gmet_0336
Q39YX8	unreviewed	moaA-1 moaA Gmet_0301
Q39YX9	unreviewed	mobA Gmet_0300
Q39Z30	unreviewed	coxA Gmet_0249
Q39Z33	unreviewed	rdoA srkA Gmet_0246
Q39Z56	unreviewed	msrA msrB Gmet_0222
Q39Z74	unreviewed	argD Gmet_0204
Q39ZA1	unreviewed	lpdA-3 Gmet_0177
Q39ZC6	unreviewed	ackA Gmet_0149
Q39ZE2	unreviewed	ppk Gmet_0133
Q39ZE7	unreviewed	uvrA Gmet_0128
Q39ZH1	unreviewed	glmS glmS-1 Gmet_0104
Q39ZI5	unreviewed	ogt Gmet_0090
Q39ZI6	unreviewed	pcrA Gmet_0089
Q39ZK8	unreviewed	rpe Gmet_0067
Q39ZK9	unreviewed	rsmB Gmet_0066
Q39ZL7	unreviewed	glnS Gmet_0058
Q39ZR9	unreviewed	gyrA Gmet_0005
Q39ZS0	unreviewed	gyrB Gmet_0004
J9JEL8	unreviewed	prx-4 Gmet_0150
Q39PQ6	unreviewed	rnpA Gmet_3563
Q39PR6	unreviewed	def def-2 Gmet_3553
Q39PR8	unreviewed	hemY Gmet_3551
Q39PS2	unreviewed	mfd Gmet_3547
Q39PS6	unreviewed	tatB tatA Gmet_3543
Q39PS8	unreviewed	pal Gmet_3541
Q39PT4	unreviewed	hemN Gmet_3535
Q39PT9	unreviewed	Gmet_3530
Q39PV2	unreviewed	can Gmet_3517
Q39PV3	unreviewed	Gmet_3516
Q39PV7	unreviewed	putA Gmet_3512
Q39PW6	unreviewed	ltaE Gmet_3503
Q39PX0	unreviewed	pal Gmet_3499
Q39PX2	unreviewed	Gmet_3497
Q39PX6	unreviewed	norZ Gmet_3493
Q39PY2	unreviewed	Gmet_3487
Q39PY4	unreviewed	Gmet_3485
Q39PY8	unreviewed	Gmet_3478
Q39PY9	unreviewed	Gmet_3477
Q39PZ6	unreviewed	treS Gmet_3469
Q39Q10	unreviewed	Gmet_3455
Q39Q25	unreviewed	degQ Gmet_3437
Q39Q27	unreviewed	rluD Gmet_3435
Q39Q28	unreviewed	Gmet_3434
Q39Q30	unreviewed	Gmet_3432
Q39Q41	unreviewed	Gmet_3421
Q39Q43	unreviewed	por Gmet_3419
Q39Q47	unreviewed	selB Gmet_3415
Q39Q67	unreviewed	gabD Gmet_3395
Q39Q70	unreviewed	ubiX Gmet_3392
Q39Q75	unreviewed	rsmE Gmet_3387
Q39Q81	unreviewed	mqnB Gmet_3381
Q39Q82	unreviewed	mqnD Gmet_3380
Q39Q83	unreviewed	rlpA Gmet_3379
Q39Q92	unreviewed	gspJ Gmet_3370
Q39Q93	unreviewed	gspI Gmet_3369
Q39Q95	unreviewed	gspG Gmet_3367
Q39Q96	unreviewed	gspF Gmet_3366
Q39Q97	unreviewed	gspE Gmet_3365
Q39QB6	unreviewed	nuoJ-1 Gmet_3346
Q39QB8	unreviewed	nuoL-1 Gmet_3344
Q39QB9	unreviewed	nuoM-1 Gmet_3343
Q39QC3	unreviewed	def def-1 Gmet_3338
Q39QC9	unreviewed	hyaS Gmet_3332
Q39QD1	unreviewed	hyaB Gmet_3330
Q39QG8	unreviewed	Gmet_3293
Q39QH2	unreviewed	Gmet_3289
Q39QH3	unreviewed	aplB Gmet_3288
Q39QI3	unreviewed	dksA Gmet_3278
Q39QI4	unreviewed	radA Gmet_3277
Q39QJ5	unreviewed	cheA64H Gmet_3266
Q39QK0	unreviewed	Gmet_3261
Q39QL1	unreviewed	tmk tmk-2 Gmet_3250
Q39QL5	unreviewed	larF Gmet_3246
Q39QM6	unreviewed	hemD Gmet_3235
Q39QM9	unreviewed	Gmet_3232
Q39QN0	unreviewed	cysG Gmet_3231
Q39QN1	unreviewed	trxA Gmet_3230
Q39QR0	unreviewed	rsfS Gmet_3201
Q39QR9	unreviewed	cafA Gmet_3192
Q39QS4	unreviewed	Gmet_3187
Q39QS5	unreviewed	prx-2 Gmet_3186
Q39QT3	unreviewed	Gmet_3178
Q39QU0	unreviewed	Gmet_3171
Q39QV6	unreviewed	gcvT Gmet_3155
Q39QV7	unreviewed	gcvH Gmet_3154
Q39QV8	unreviewed	gcvPA gcvP1 Gmet_3153
Q39QV9	unreviewed	gcvP2 Gmet_3152
Q39QW5	unreviewed	Gmet_3146
Q39QX1	unreviewed	Gmet_3140
Q39QZ5	unreviewed	flgB Gmet_3115
Q39QZ7	unreviewed	fliE Gmet_3113
Q39QZ8	unreviewed	fliF Gmet_3112
Q39QZ9	unreviewed	fliG Gmet_3111
Q39R01	unreviewed	fliI Gmet_3109
Q39R02	unreviewed	fliJ Gmet_3108
Q39R09	unreviewed	fliL Gmet_3101
Q39R10	unreviewed	fliM Gmet_3100
Q39R12	unreviewed	fliO Gmet_3098
Q39R13	unreviewed	fliP Gmet_3097
Q39R14	unreviewed	fliQ Gmet_3096
Q39R15	unreviewed	fliR Gmet_3095
Q39R16	unreviewed	flhB Gmet_3094
Q39R19	unreviewed	macA Gmet_3091
Q39R34	unreviewed	vapC Gmet_3076
Q39R38	unreviewed	tdcB Gmet_3072
Q39R39	unreviewed	dmeF Gmet_3071
Q39R40	unreviewed	trxB Gmet_3070
Q39R52	unreviewed	ihfA-3 Gmet_3057
Q39R53	unreviewed	ihfA-4 Gmet_3056
Q39R67	unreviewed	xerC Gmet_3042
Q39R68	unreviewed	Gmet_3041
Q39R71	unreviewed	Gmet_3038
Q39R74	unreviewed	rhlB Gmet_3035
Q39R87	unreviewed	sfrA Gmet_3022
Q39R88	unreviewed	yceG mltG Gmet_3021
Q39RB1	unreviewed	Gmet_2998
Q39RC1	unreviewed	cysK-1 Gmet_2988
Q39RC6	unreviewed	polA Gmet_2983
Q39RC9	unreviewed	Gmet_2980
Q39RF9	unreviewed	folA Gmet_2947
Q39RG6	unreviewed	ppdK Gmet_2940
Q39RH5	unreviewed	cbcD Gmet_2931
Q39RI3	unreviewed	Gmet_2923
Q39RJ5	unreviewed	Gmet_2911
Q39RK2	unreviewed	purD Gmet_2904
Q39RK3	unreviewed	purE Gmet_2903
Q39RK6	unreviewed	Gmet_2900
Q39RN6	unreviewed	khpA Gmet_2870
Q39RP5	unreviewed	rsmI Gmet_2861
Q39RQ2	unreviewed	rpoH Gmet_2854
Q39RQ5	unreviewed	clpB Gmet_2851
Q39RR1	unreviewed	ychF Gmet_2845
Q39RT0	unreviewed	cheB64H-2 Gmet_2826
Q39RT2	unreviewed	Gmet_2824
Q39RT6	unreviewed	shc-1 Gmet_2820
Q39RU5	unreviewed	Gmet_2811
Q39RU8	unreviewed	Gmet_2808
Q39RV3	unreviewed	Gmet_2803
Q39RW6	unreviewed	Gmet_2790
Q39RW8	unreviewed	Gmet_2788
Q39RY4	unreviewed	copA Gmet_2772
Q39RY6	unreviewed	Gmet_2770
Q39RY7	unreviewed	sucA Gmet_2769
Q39RY9	unreviewed	Gmet_2767
Q39RZ0	unreviewed	sucB Gmet_2766
Q39RZ2	unreviewed	lpdA-1 Gmet_2764
Q39RZ4	unreviewed	Gmet_2762
Q39RZ6	unreviewed	pdhA Gmet_2760
Q39S04	unreviewed	aceF Gmet_2752
Q39S08	unreviewed	Gmet_2748
Q39S10	unreviewed	Gmet_2746
Q39S19	unreviewed	Gmet_2737
Q39S32	unreviewed	rep Gmet_2724
Q39S34	unreviewed	Gmet_2722
Q39S40	unreviewed	Gmet_2716
Q39S43	unreviewed	ctpA-1 Gmet_2713
Q39S44	unreviewed	Gmet_2712
Q39S46	unreviewed	cheAY40H-2 Gmet_2710
Q39S51	unreviewed	phoU Gmet_2705
Q39S53	unreviewed	pstA Gmet_2703
Q39S54	unreviewed	pstC Gmet_2702
Q39S55	unreviewed	pstS Gmet_2701
Q39S58	unreviewed	lytS Gmet_2698
Q39S62	unreviewed	phoR Gmet_2694
Q39S67	unreviewed	gltA Gmet_2689
Q39S79	unreviewed	Gmet_2677
Q39S85	unreviewed	Gmet_2671
Q39S87	unreviewed	Gmet_2669
Q39SB2	unreviewed	panE Gmet_2643
Q39SB3	unreviewed	Gmet_2642
Q39SB5	unreviewed	cheB-7 Gmet_2640
Q39SB6	unreviewed	Gmet_2639
Q39SC0	unreviewed	Gmet_2635
Q39SC2	unreviewed	cydC Gmet_2633
Q39SD7	unreviewed	pgl Gmet_2618
Q39SF2	unreviewed	Gmet_2603
Q39SH5	unreviewed	Gmet_2580
Q39SI5	unreviewed	fumB Gmet_2570
Q39SI7	unreviewed	dnaB Gmet_2568
Q39SJ4	unreviewed	nifR3 Gmet_2561
Q39SJ7	unreviewed	fabI Gmet_2558
Q39SJ8	unreviewed	hflX Gmet_2557
Q39SK9	unreviewed	Gmet_2546
Q39SL2	unreviewed	Gmet_2543
Q39SP1	unreviewed	bkdF Gmet_2511
Q39SP3	unreviewed	bkdA pdhA Gmet_2509
Q39SP9	unreviewed	Gmet_2503
Q39SQ4	unreviewed	trpE Gmet_2497
Q39SQ7	unreviewed	trpC Gmet_2494
Q39SR7	unreviewed	trpB trpB1 Gmet_2482
Q39SS1	unreviewed	mcp64H-2 Gmet_2478
Q39SS4	unreviewed	folC Gmet_2475
Q39SS6	unreviewed	rmlB Gmet_2473
Q39SS7	unreviewed	rmlD Gmet_2472
Q39ST6	unreviewed	Gmet_2463
Q39ST9	unreviewed	Gmet_2460
Q39SU5	unreviewed	Gmet_2454
Q39SV4	unreviewed	fur Gmet_2445
Q39SV5	unreviewed	feoB Gmet_2444
Q39SW0	unreviewed	nikO Gmet_2439
Q39SW3	unreviewed	kdpD Gmet_2436
Q39SX2	unreviewed	cheA34H Gmet_2427
Q39SX3	unreviewed	Gmet_2426
Q39SX5	unreviewed	mcp34H-6 Gmet_2424
Q39SX7	unreviewed	mcp34H-8 Gmet_2422
Q39SY0	unreviewed	cheD cheD34H Gmet_2419
Q39SY9	unreviewed	sodA Gmet_2410
Q39SZ5	unreviewed	ptsP Gmet_2404
Q39SZ9	unreviewed	mviN murJ Gmet_2400
Q39T04	unreviewed	frdB Gmet_2395
Q39T08	unreviewed	malQ Gmet_2391
Q39T21	unreviewed	serA Gmet_2378
Q39T24	unreviewed	aroF Gmet_2375
Q39T25	unreviewed	Gmet_2374
Q39T26	unreviewed	Gmet_2373
Q39T30	unreviewed	Gmet_2369
Q39T33	unreviewed	prfB Gmet_2366
Q39T37	unreviewed	Gmet_2362
Q39T43	unreviewed	Gmet_2356
Q39T46	unreviewed	lpxA-1 lpxA Gmet_2353
Q39T54	unreviewed	Gmet_2345
Q39T68	unreviewed	Gmet_2331
Q39T70	unreviewed	galE-1 Gmet_2329
Q39T74	unreviewed	relA Gmet_2325
Q39T80	unreviewed	holB Gmet_2319
Q39T81	unreviewed	tmk tmk-1 Gmet_2318
Q39T88	unreviewed	cheA40H Gmet_2311
Q39TL0	unreviewed	Gmet_2186
Q39TM3	unreviewed	asnB-1 Gmet_2172
Q39TN1	unreviewed	Gmet_2164
Q39TN4	unreviewed	Gmet_2161
Q39TP4	unreviewed	bamQ Gmet_2151
Q39TP9	unreviewed	bamV Gmet_2146
Q39TR3	unreviewed	pcmP tatA Gmet_2132
Q39TR7	unreviewed	buk buk-2 pcmL Gmet_2128
Q39TS7	unreviewed	pcmB Gmet_2118
Q39TT9	unreviewed	buk buk-1 Gmet_2106
Q39TU0	unreviewed	ubiX Gmet_2105
Q39TU4	unreviewed	Gmet_2101
Q39TW9	unreviewed	fdhD Gmet_2076
Q39TY6	unreviewed	Gmet_2059
Q39TZ2	unreviewed	mutL Gmet_2053
Q39TZ4	unreviewed	hfq Gmet_2051
Q39U15	unreviewed	Gmet_2030
Q39U21	unreviewed	asnB-2 Gmet_2024
Q39U39	unreviewed	sufS Gmet_2006
Q39U57	unreviewed	nadC Gmet_1988
Q39U65	unreviewed	Gmet_1980
Q39U85	unreviewed	trpS Gmet_1960
Q39U91	unreviewed	nadB Gmet_1954
Q39U93	unreviewed	pgsA-1 Gmet_1952
Q39U96	unreviewed	secG Gmet_1949
Q39U99	unreviewed	gapA Gmet_1946
Q39UA0	unreviewed	Gmet_1945
Q39UA2	unreviewed	purB Gmet_1943
Q39UB5	unreviewed	cydA Gmet_1930
Q39UB6	unreviewed	cydB Gmet_1929
Q39UD5	unreviewed	Gmet_1910
Q39UD7	unreviewed	Gmet_1908
Q39UD9	unreviewed	cysP Gmet_1906
Q39UE0	unreviewed	cysU Gmet_1905
Q39UE3	unreviewed	cooS Gmet_1902
Q39UE9	unreviewed	lpdA-2 Gmet_1896
Q39UF2	unreviewed	recB Gmet_1893
Q39UF4	unreviewed	tilS Gmet_1891
Q39UF6	unreviewed	folP Gmet_1889
Q39UG4	unreviewed	yjeE Gmet_1881
Q39UG5	unreviewed	Gmet_1880
Q39UG6	unreviewed	cimA Gmet_1879
Q39UH8	unreviewed	Gmet_1867
Q39UI6	unreviewed	pulQ Gmet_1859
Q39UI9	unreviewed	ftsE Gmet_1856
Q39UJ0	unreviewed	ftsX Gmet_1855
Q39UJ2	unreviewed	ctpA-2 Gmet_1853
Q39UK7	unreviewed	efp-2 efp Gmet_1838
Q39UL8	unreviewed	iorA-1 Gmet_1827
Q39UM0	unreviewed	paaK-2 Gmet_1825
Q39UM5	unreviewed	livG Gmet_1820
Q39UM7	unreviewed	paaK-1 Gmet_1818
Q39UP7	unreviewed	Gmet_1797
Q39UQ3	unreviewed	Gmet_1790
Q39UR3	unreviewed	gluQ yadB Gmet_1780
Q39UR6	unreviewed	recG Gmet_1777
Q39UR8	unreviewed	greA Gmet_1775
Q39US5	unreviewed	pyrR Gmet_1768
Q39US6	unreviewed	lepB Gmet_1767
Q39US8	unreviewed	Gmet_1765
Q39UT7	unreviewed	Gmet_1756
Q39UU4	unreviewed	Gmet_1749
Q39UY6	unreviewed	Gmet_1707
Q39V02	unreviewed	fabD-1 Gmet_1691
Q39V22	unreviewed	Gmet_1671
Q39V23	unreviewed	Gmet_1670
Q39V26	unreviewed	Gmet_1667
Q39V36	unreviewed	queD Gmet_1657
Q39V39	unreviewed	Gmet_1654
Q39V44	unreviewed	Gmet_1649
Q39V56	unreviewed	maeB Gmet_1637
Q39V62	unreviewed	thrC Gmet_1631
Q39V68	unreviewed	ribE Gmet_1625
Q39V89	unreviewed	fabF-2 Gmet_1603
Q39V91	unreviewed	fabG-2 Gmet_1601
Q39V92	unreviewed	fabD-2 Gmet_1600
Q39VA8	unreviewed	nusA Gmet_1584
Q39VD2	unreviewed	cysK-2 Gmet_1558
Q39VI5	unreviewed	Gmet_1505
Q39VK2	unreviewed	gmd-2 gmd Gmet_1488
Q39VK4	unreviewed	galE-2 Gmet_1486
Q39VN4	unreviewed	Gmet_1456
Q39VP1	unreviewed	Gmet_1449
Q39VQ9	unreviewed	uxs Gmet_1431
Q39VR0	unreviewed	ugd Gmet_1430
Q39VR3	unreviewed	xerD Gmet_1427
Q39VS3	unreviewed	ihfA-1 Gmet_1417
Q39VT4	unreviewed	Gmet_1406
Q39VU4	unreviewed	pilS Gmet_1396
Q39VU7	unreviewed	pilB Gmet_1393
Q39VV3	unreviewed	tatC Gmet_1387
Q39VV9	unreviewed	dsbB Gmet_1381
Q39VX1	unreviewed	trmJ Gmet_1369
Q39VY1	unreviewed	icd Gmet_1359
Q39VY7	unreviewed	ispG Gmet_1353
Q39VY8	unreviewed	glnA Gmet_1352
Q39VY9	unreviewed	glnB Gmet_1351
Q39W27	unreviewed	gmd-1 gmd Gmet_1311
Q39W38	unreviewed	Gmet_1300
Q39W41	unreviewed	nrdJ Gmet_1297
Q39W44	unreviewed	ahcY Gmet_1294
Q39W46	unreviewed	Gmet_1292
Q39W54	unreviewed	raiA hpf Gmet_1284
Q39W55	unreviewed	rpoN Gmet_1283
Q39W59	unreviewed	kdsC Gmet_1279
Q39W60	unreviewed	kdsD Gmet_1278
Q39W74	unreviewed	pssA Gmet_1264
Q39W78	unreviewed	ilvB Gmet_1260
Q39W81	unreviewed	rseP Gmet_1257
Q39W83	unreviewed	cdsA Gmet_1255
Q39W95	unreviewed	Gmet_1243
Q39W96	unreviewed	Gmet_1242
Q39WA9	unreviewed	rsbW Gmet_1228
Q39WB0	unreviewed	lgt Gmet_1227
Q39WB8	unreviewed	Gmet_1219
Q39WC0	unreviewed	rluB Gmet_1217
Q39WC2	unreviewed	dnaE Gmet_1215
Q39WC5	unreviewed	Gmet_1212
Q39WD7	unreviewed	Gmet_1200
Q39WE8	unreviewed	corA-1 corA Gmet_1189
Q39WF1	unreviewed	gdhA Gmet_1186
Q39WF7	unreviewed	Gmet_1179
Q39WG6	unreviewed	Gmet_1170
Q39WH6	unreviewed	metF-1 Gmet_1160
Q39WH7	unreviewed	galU Gmet_1159
Q39WH8	unreviewed	Gmet_1158
Q39WH9	unreviewed	Gmet_1157
Q39WI0	unreviewed	htpX Gmet_1156
Q39WL2	unreviewed	Gmet_1124
Q39WN1	unreviewed	greB Gmet_1103
Q39WN5	unreviewed	ald Gmet_1099
Q39WQ4	unreviewed	cheA36H Gmet_1080
Q39WQ6	unreviewed	mcp36H Gmet_1078
Q39WR1	unreviewed	cas2 Gmet_1073
Q39WR2	unreviewed	cas1 Gmet_1072
Q39WR4	unreviewed	cas4 Gmet_1070
Q39WR9	unreviewed	cas5d Gmet_1065
Q39WS0	unreviewed	cas3 Gmet_1064
Q39WS1	unreviewed	fdnT tatA Gmet_1063
Q39WS3	unreviewed	fdnI Gmet_1061
Q39WS4	unreviewed	fdnH Gmet_1060
Q39WS5	unreviewed	fdnG Gmet_1059
Q39WS7	unreviewed	Gmet_1057
Q39WU8	unreviewed	moaB Gmet_1036
Q39WU9	unreviewed	pta Gmet_1035
Q39WW0	unreviewed	narI-2 Gmet_1022
Q39WW1	unreviewed	narH-2 Gmet_1021
Q39WW2	unreviewed	narG-2 Gmet_1020
Q39WW6	unreviewed	acnA Gmet_1016
Q39WX7	unreviewed	Gmet_1005
Q39WZ0	unreviewed	nifS-1 Gmet_0992
Q39WZ1	unreviewed	nifU Gmet_0991
Q39WZ6	unreviewed	mqnA Gmet_0986
Q39WZ7	unreviewed	gcvH larG Gmet_0985
Q39WZ8	unreviewed	accC Gmet_0984
Q39WZ9	unreviewed	accB Gmet_0983
Q39X07	unreviewed	pilQ Gmet_0975
Q39X22	unreviewed	Gmet_0960
Q39X23	unreviewed	pilD Gmet_0959
Q39X34	unreviewed	iorA-2 Gmet_0948
Q39X40	unreviewed	recN Gmet_0942
Q39X42	unreviewed	glgP Gmet_0940
Q39X43	unreviewed	rarA Gmet_0939
Q39X51	unreviewed	Gmet_0931
Q39X54	unreviewed	mrdA Gmet_0928
Q39X56	unreviewed	mreC Gmet_0926
Q39X58	unreviewed	rmlA Gmet_0924
Q39X59	unreviewed	gmhB Gmet_0923
Q39X64	unreviewed	mreB Gmet_0918
Q39X79	unreviewed	nspC Gmet_0903
Q39X83	unreviewed	proC Gmet_0899
Q39X86	unreviewed	yggS Gmet_0896
Q39XA7	unreviewed	Gmet_0875
Q39XA8	unreviewed	mtaB Gmet_0874
Q39XB2	unreviewed	cysE Gmet_0870
Q39XC7	unreviewed	secF Gmet_0855
Q39XC8	unreviewed	secD Gmet_0854
Q39XD8	unreviewed	bioC Gmet_0844
Q39XG0	unreviewed	pgsA-2 Gmet_0822
Q39XG6	unreviewed	pyc Gmet_0816
Q39XK2	unreviewed	cheBR Gmet_0780
Q39XK5	unreviewed	Gmet_0777
Q39XL2	unreviewed	ppsA Gmet_0770
Q39XP3	unreviewed	aplA Gmet_0739
Q39XQ1	unreviewed	Gmet_0731
Q39XR8	unreviewed	nudC Gmet_0714
Q39XR9	unreviewed	Gmet_0713
Q39XT1	unreviewed	Gmet_0701
Q39XT4	unreviewed	metC-1 Gmet_0698
Q39XT5	unreviewed	hisN Gmet_0697
Q39XT7	unreviewed	amtB Gmet_0695
Q39XT8	unreviewed	glnK Gmet_0694
Q39XU0	unreviewed	nifV Gmet_0692
Q39XW3	unreviewed	nifEN Gmet_0669
Q39XW6	unreviewed	Gmet_0666
Q39XW9	unreviewed	nifD Gmet_0663
Q39XY6	unreviewed	secY Gmet_0646
Q39Y18	unreviewed	nusG Gmet_0614
Q39Y19	unreviewed	secE Gmet_0613
Q39Y20	unreviewed	rpmG Gmet_0612
Q39Y24	unreviewed	rpsI Gmet_0607
Q39YA4	unreviewed	Gmet_0527
Q39YB8	unreviewed	modB Gmet_0513
Q39YC7	unreviewed	metF-2 Gmet_0504
Q39YC8	unreviewed	Gmet_0503
Q39YD6	unreviewed	folK Gmet_0495
Q39YE4	unreviewed	cobD Gmet_0487
Q39YE6	unreviewed	cbiH cbiP cobQ Gmet_0485
Q39YF2	unreviewed	Gmet_0479
Q39YF6	unreviewed	cbiO Gmet_0475
Q39YF9	unreviewed	cbiM Gmet_0472
Q39YG2	unreviewed	cobC Gmet_0469
Q39YI0	unreviewed	uxaC Gmet_0451
Q39YI7	unreviewed	fliD Gmet_0444
Q39YI9	unreviewed	fliC Gmet_0442
Q39YJ3	unreviewed	flgK Gmet_0438
Q39YJ9	unreviewed	flgA Gmet_0432
Q39YK4	unreviewed	flhF Gmet_0427
Q39YK5	unreviewed	flhA Gmet_0426
Q39YL5	unreviewed	ftsA Gmet_0416
Q39YN4	unreviewed	srtN Gmet_0397
Q39YN6	unreviewed	rpoD sigA Gmet_0395
Q39YR4	unreviewed	Gmet_0367
Q39YR5	unreviewed	rnj Gmet_0366
Q39YR8	unreviewed	Gmet_0363
Q39YR9	unreviewed	ssb Gmet_0362
Q39YS3	unreviewed	norM Gmet_0358
Q39YT9	unreviewed	Gmet_0342
Q39YU7	unreviewed	narT Gmet_0334
Q39YU9	unreviewed	narI-1 Gmet_0332
Q39YV1	unreviewed	narH-1 Gmet_0330
Q39YV2	unreviewed	narG-1 Gmet_0329
Q39YX0	unreviewed	sdhB Gmet_0309
Q39YX1	unreviewed	sdhA Gmet_0308
Q39YX5	unreviewed	ppc Gmet_0304
Q39YY3	unreviewed	nrfA-2 Gmet_0296
Q39YY5	unreviewed	nrfA-1 Gmet_0294
Q39Z12	unreviewed	truC Gmet_0267
Q39Z15	unreviewed	cysM Gmet_0264
Q39Z20	unreviewed	Gmet_0259
Q39Z24	unreviewed	Gmet_0255
Q39Z27	unreviewed	coxB Gmet_0252
Q39Z37	unreviewed	Gmet_0242
Q39Z81	unreviewed	Gmet_0197
Q39Z89	unreviewed	hemB Gmet_0189
Q39Z95	unreviewed	tpx prx-3 Gmet_0183
Q39ZA0	unreviewed	tkt Gmet_0178
Q39ZA6	unreviewed	nuoM-2 Gmet_0171
Q39ZB2	unreviewed	nuoJ-2 Gmet_0165
Q39ZB8	unreviewed	nuoG-2 Gmet_0159
Q39ZC3	unreviewed	nuoE-2 Gmet_0154
Q39ZC8	unreviewed	gltS Gmet_0147
Q39ZD8	unreviewed	ppiA Gmet_0137
Q39ZE1	unreviewed	corA-2 corA Gmet_0134
Q39ZF3	unreviewed	pyk Gmet_0122
Q39ZF6	unreviewed	hypF Gmet_0119
Q39ZG6	unreviewed	Gmet_0109
Q39ZH6	unreviewed	efp-1 efp Gmet_0099
Q39ZJ8	unreviewed	Gmet_0077
Q39ZL0	unreviewed	cls-2 Gmet_0065
Q39ZN1	unreviewed	Gmet_0043
Q39ZR2	unreviewed	fgrL Gmet_0012
Q39ZR3	unreviewed	fgrK Gmet_0011
Q39ZR4	unreviewed	Gmet_0010
Q39ZR5	unreviewed	Gmet_0009
Q39ZS2	unreviewed	dnaN Gmet_0002
J7LW60	unreviewed	Gmet_0049
J7LW68	unreviewed	Gmet_0223
J7LW74	unreviewed	Gmet_0314
J7LW82	unreviewed	Gmet_3586
J7LW88	unreviewed	Gmet_3590
J7LW95	unreviewed	Gmet_3594
J7LWA1	unreviewed	Gmet_3658
J7LWA8	unreviewed	Gmet_3602
J7LWB5	unreviewed	Gmet_3652
J7LWC1	unreviewed	Gmet_2252
J7LWC6	unreviewed	Gmet_3615
J7LWD2	unreviewed	Gmet_3622
J7LWD9	unreviewed	Gmet_3629
J7LWE5	unreviewed	Gmet_3634
J7LWF3	unreviewed	Gmet_3341
J7LWF8	unreviewed	Gmet_A3644
J7LYB7	unreviewed	Gmet_3646
J7LYC3	unreviewed	Gmet_3648
J7LYC8	unreviewed	Gmet_3584
J7LYD4	unreviewed	Gmet_3588
J7LYD9	unreviewed	Gmet_1023
J7LYE6	unreviewed	Gmet_3597
J7LYF0	unreviewed	Gmet_3600
J7LYF5	unreviewed	Gmet_1563
J7LYG0	unreviewed	Gmet_3609
J7LYG8	unreviewed	Gmet_3654
J7LYH3	unreviewed	Gmet_3656
J7LYH8	unreviewed	Gmet_3625
J7LYI3	unreviewed	Gmet_3632
J7LYI8	unreviewed	Gmet_3638
J7LYJ3	unreviewed	Gmet_A3642
J7M068	unreviewed	trx-3 Gmet_0151
J7M074	unreviewed	Gmet_3579
J7M077	unreviewed	Gmet_3583
J7M081	unreviewed	Gmet_3587
J7M085	unreviewed	Gmet_3592
J7M089	unreviewed	Gmet_1183
J7M092	unreviewed	Gmet_3617
J7M096	unreviewed	Gmet_3604
J7M0A0	unreviewed	Gmet_3607
J7M0A4	unreviewed	Gmet_3613
J7M0A7	unreviewed	Gmet_2491
J7M0B2	unreviewed	Gmet_3624
J7M0B5	unreviewed	Gmet_3631
J7M0B9	unreviewed	Gmet_3637
J7M0C3	unreviewed	Gmet_A3641
J9JEL7	unreviewed	Gmet_3645
J9JEL9	unreviewed	Gmet_3578
J9JEM0	unreviewed	Gmet_3647
J9JEM1	unreviewed	Gmet_3580
J9JEM2	unreviewed	Gmet_3582
J9JEM3	unreviewed	cbcQ Gmet_3585
J9JEM4	unreviewed	Gmet_3649
J9JEM5	unreviewed	Gmet_3589
J9JEM6	unreviewed	Gmet_3591
J9JEM7	unreviewed	Gmet_3593
J9JEM8	unreviewed	Gmet_3596
J9JEM9	unreviewed	rsbV Gmet_1229
J9JEN0	unreviewed	Gmet_3659
J9JEN1	unreviewed	Gmet_3601
J9JEN2	unreviewed	Gmet_3603
J9JEN3	unreviewed	Gmet_3605
J9JEN4	unreviewed	Gmet_3606
J9JEN5	unreviewed	Gmet_3611
J9JEN6	unreviewed	Gmet_3612
J9JEN7	unreviewed	Gmet_2278
J9JEN8	unreviewed	Gmet_3618
J9JEN9	unreviewed	Gmet_3621
J9JEP0	unreviewed	Gmet_3623
J9JEP1	unreviewed	Gmet_3626
J9JEP2	unreviewed	Gmet_3630
J9JEP3	unreviewed	Gmet_3633
J9JEP4	unreviewed	Gmet_3636
J9JEP5	unreviewed	Gmet_3639
J9JEP6	unreviewed	Gmet_3640
J9JEP7	unreviewed	Gmet_A3643
Q39PP2	unreviewed	Gmet_A3577
Q39PP3	unreviewed	Gmet_A3576
Q39PP4	unreviewed	Gmet_A3575
Q39PP5	unreviewed	Gmet_A3574
Q39PP6	unreviewed	Gmet_A3573
Q39PP7	unreviewed	Gmet_A3572
Q39PP8	unreviewed	Gmet_A3571
Q39PP9	unreviewed	Gmet_A3570
Q39PQ0	unreviewed	Gmet_A3569
Q39PQ1	unreviewed	Gmet_A3568
Q39PQ2	unreviewed	Gmet_2093 Gmet_A3567
Q39PQ3	unreviewed	Gmet_A3566
Q39PQ4	unreviewed	Gmet_A3565
Q39PR2	unreviewed	Gmet_3557
Q39PR3	unreviewed	Gmet_3556
Q39PR4	unreviewed	Gmet_3555
Q39PR5	unreviewed	Gmet_3554
Q39PR7	unreviewed	Gmet_3552
Q39PR9	unreviewed	Gmet_3550
Q39PS0	unreviewed	Gmet_3549
Q39PS1	unreviewed	Gmet_3548
Q39PS3	unreviewed	Gmet_3546
Q39PS4	unreviewed	yrdA Gmet_3545
Q39PS7	unreviewed	Gmet_3542
Q39PT0	unreviewed	Gmet_3539
Q39PT1	unreviewed	Gmet_3538
Q39PT2	unreviewed	Gmet_3537
Q39PT3	unreviewed	Gmet_3536
Q39PT5	unreviewed	hrcA Gmet_3534
Q39PU0	unreviewed	Gmet_3529
Q39PU3	unreviewed	Gmet_3526
Q39PU4	unreviewed	Gmet_3525
Q39PU6	unreviewed	elbB Gmet_3523
Q39PU7	unreviewed	Gmet_3522
Q39PU8	unreviewed	Gmet_3521
Q39PU9	unreviewed	cbcU-1 Gmet_3520
Q39PV0	unreviewed	cbcT-1 Gmet_3519
Q39PV1	unreviewed	cbcS-1 Gmet_3518
Q39PV4	unreviewed	Gmet_3515
Q39PV5	unreviewed	Gmet_3514
Q39PV6	unreviewed	Gmet_3513
Q39PV8	unreviewed	Gmet_3511
Q39PV9	unreviewed	Gmet_3510
Q39PW0	unreviewed	Gmet_3509
Q39PW1	unreviewed	Gmet_3508
Q39PW2	unreviewed	Gmet_3507
Q39PW3	unreviewed	Gmet_3506
Q39PW4	unreviewed	Gmet_3505
Q39PW5	unreviewed	Gmet_3504
Q39PW7	unreviewed	Gmet_3502
Q39PW8	unreviewed	Gmet_3501
Q39PW9	unreviewed	Gmet_3500
Q39PX1	unreviewed	usp-3 Gmet_3498
Q39PX3	unreviewed	Gmet_3496
Q39PX4	unreviewed	Gmet_3495
Q39PX5	unreviewed	scdA Gmet_3494
Q39PX7	unreviewed	frx-5 Gmet_3492
Q39PX8	unreviewed	Gmet_3491
Q39PX9	unreviewed	Gmet_3490
Q39PY0	unreviewed	Gmet_3489
Q39PY1	unreviewed	Gmet_3488
Q39PY3	unreviewed	Gmet_3486
Q39PY5	unreviewed	Gmet_3484
Q39PY7	unreviewed	Gmet_0900 Gmet_3481
Q39PZ0	unreviewed	Gmet_3476
Q39PZ1	unreviewed	Gmet_3475
Q39PZ2	unreviewed	Gmet_3474
Q39PZ3	unreviewed	Gmet_3473
Q39PZ4	unreviewed	Gmet_3472
Q39PZ5	unreviewed	Gmet_3470
Q39PZ7	unreviewed	Gmet_3468
Q39PZ9	unreviewed	Gmet_3466
Q39Q00	unreviewed	Gmet_3465
Q39Q01	unreviewed	ybhG-2 Gmet_3464
Q39Q02	unreviewed	ybhF-N2 Gmet_3463
Q39Q03	unreviewed	ybhF-C2 Gmet_3462
Q39Q04	unreviewed	ybhS-2 Gmet_3461
Q39Q05	unreviewed	ybhR-2 Gmet_3460
Q39Q07	unreviewed	Gmet_3458
Q39Q08	unreviewed	Gmet_3457
Q39Q09	unreviewed	Gmet_3456
Q39Q11	unreviewed	tusA-2 Gmet_3454
Q39Q12	unreviewed	Gmet_3453
Q39Q13	unreviewed	Gmet_3452
Q39Q14	unreviewed	Gmet_3451
Q39Q15	unreviewed	Gmet_3450
Q39Q16	unreviewed	Gmet_3449
Q39Q17	unreviewed	Gmet_3448
Q39Q19	unreviewed	Gmet_3446
Q39Q20	unreviewed	Gmet_3443
Q39Q21	unreviewed	Gmet_3441
Q39Q22	unreviewed	Gmet_3440
Q39Q23	unreviewed	Gmet_3439
Q39Q24	unreviewed	Gmet_3438
Q39Q26	unreviewed	Gmet_3436
Q39Q29	unreviewed	Gmet_3433
Q39Q31	unreviewed	hdrF Gmet_3431
Q39Q32	unreviewed	hdrE Gmet_3430
Q39Q34	unreviewed	hdrD Gmet_3428
Q39Q35	unreviewed	hdrG Gmet_3427
Q39Q36	unreviewed	hdrA Gmet_3426
Q39Q37	unreviewed	hdrB Gmet_3425
Q39Q38	unreviewed	hdrC Gmet_3424
Q39Q39	unreviewed	Gmet_3423
Q39Q44	unreviewed	mglB Gmet_3418
Q39Q45	unreviewed	mglA Gmet_3417
Q39Q46	unreviewed	Gmet_3416
Q39Q48	unreviewed	Gmet_3414
Q39Q49	unreviewed	Gmet_3413
Q39Q50	unreviewed	Gmet_3412
Q39Q59	unreviewed	Gmet_3403
Q39Q60	unreviewed	Gmet_3402
Q39Q61	unreviewed	Gmet_3401
Q39Q62	unreviewed	pilT-3 Gmet_3400
Q39Q63	unreviewed	Gmet_3399
Q39Q64	unreviewed	Gmet_3398
Q39Q65	unreviewed	Gmet_3397
Q39Q68	unreviewed	Gmet_3394
Q39Q69	unreviewed	Gmet_3393
Q39Q73	unreviewed	Gmet_3389
Q39Q74	unreviewed	Gmet_3388
Q39Q77	unreviewed	Gmet_3385
Q39Q79	unreviewed	Gmet_3383
Q39Q80	unreviewed	Gmet_3382
Q39Q84	unreviewed	Gmet_3378
Q39Q85	unreviewed	Gmet_3377
Q39Q86	unreviewed	Gmet_3376
Q39Q87	unreviewed	Gmet_3375
Q39Q88	unreviewed	gspN Gmet_3374
Q39Q89	unreviewed	gspM Gmet_3373
Q39Q90	unreviewed	gspL Gmet_3372
Q39Q91	unreviewed	gspK Gmet_3371
Q39Q94	unreviewed	gspH Gmet_3368
Q39Q98	unreviewed	gspD Gmet_3364
Q39Q99	unreviewed	gspC Gmet_3363
Q39QA0	unreviewed	degP-1 Gmet_3362
Q39QA4	unreviewed	atpI Gmet_3358
Q39QA5	unreviewed	atpZ Gmet_3357
Q39QB1	unreviewed	nuoE-1 Gmet_3351
Q39QB2	unreviewed	nuoF-1 Gmet_3350
Q39QB3	unreviewed	nuoG-1 Gmet_3349
Q39QC1	unreviewed	Gmet_3340
Q39QC6	unreviewed	yccM-1 Gmet_3335
Q39QC7	unreviewed	Gmet_3334
Q39QC8	unreviewed	Gmet_3333
Q39QD0	unreviewed	hyaL Gmet_3331
Q39QD2	unreviewed	hyaP Gmet_3329
Q39QD3	unreviewed	Gmet_3328
Q39QD4	unreviewed	Gmet_3327
Q39QD5	unreviewed	Gmet_3326
Q39QD6	unreviewed	Gmet_3325
Q39QD7	unreviewed	mvhV Gmet_3324
Q39QD8	unreviewed	mvhP Gmet_3323
Q39QD9	unreviewed	Gmet_3322
Q39QE0	unreviewed	mvhF Gmet_3321
Q39QE1	unreviewed	mvhL Gmet_3320
Q39QE2	unreviewed	mvhS Gmet_3319
Q39QE3	unreviewed	Gmet_3318
Q39QE4	unreviewed	mvhQ Gmet_3317
Q39QE5	unreviewed	Gmet_3316
Q39QE6	unreviewed	tssH Gmet_3315
Q39QE7	unreviewed	tssG Gmet_3314
Q39QE8	unreviewed	tssF Gmet_3313
Q39QE9	unreviewed	tssE Gmet_3312
Q39QF0	unreviewed	tssK Gmet_3311
Q39QF1	unreviewed	tssJ Gmet_3310
Q39QF2	unreviewed	Gmet_3309
Q39QF3	unreviewed	Gmet_3308
Q39QF6	unreviewed	Gmet_3305
Q39QF8	unreviewed	Gmet_3303
Q39QF9	unreviewed	Gmet_3302
Q39QG0	unreviewed	etfA-9 Gmet_3301
Q39QG1	unreviewed	etfB-9 Gmet_3300
Q39QG2	unreviewed	Gmet_3299
Q39QG3	unreviewed	Gmet_3298
Q39QG4	unreviewed	atoA Gmet_3297
Q39QG5	unreviewed	atoD Gmet_3296
Q39QG6	unreviewed	Gmet_3295
Q39QG7	unreviewed	Gmet_3294
Q39QG9	unreviewed	mccA Gmet_3292
Q39QH0	unreviewed	Gmet_3291
Q39QH1	unreviewed	mccB Gmet_3290
Q39QH4	unreviewed	Gmet_3287
Q39QH5	unreviewed	Gmet_3286
Q39QH6	unreviewed	Gmet_3285
Q39QH7	unreviewed	Gmet_3284
Q39QI2	unreviewed	Gmet_3279
Q39QI5	unreviewed	Gmet_3276
Q39QI6	unreviewed	Gmet_3275
Q39QI7	unreviewed	Gmet_3274
Q39QI8	unreviewed	Gmet_3273
Q39QJ0	unreviewed	Gmet_3271
Q39QJ1	unreviewed	Gmet_3270
Q39QJ3	unreviewed	Gmet_3268
Q39QJ4	unreviewed	cheR64H Gmet_3267
Q39QJ6	unreviewed	cheW64H Gmet_3265
Q39QJ8	unreviewed	fgrM Gmet_3263
Q39QJ9	unreviewed	Gmet_3262
Q39QK3	unreviewed	Gmet_3258
Q39QK4	unreviewed	Gmet_3257
Q39QK5	unreviewed	Gmet_3256
Q39QK6	unreviewed	Gmet_3255
Q39QK7	unreviewed	ompJ Gmet_3254
Q39QK8	unreviewed	mceE Gmet_3253
Q39QK9	unreviewed	Gmet_3252
Q39QL0	unreviewed	Gmet_3251
Q39QL2	unreviewed	Gmet_3249
Q39QL3	unreviewed	Gmet_3248
Q39QL4	unreviewed	Gmet_3247
Q39QL6	unreviewed	larD Gmet_3245
Q39QL7	unreviewed	larA Gmet_3244
Q39QL8	unreviewed	roo Gmet_3243
Q39QL9	unreviewed	Gmet_3242
Q39QM0	unreviewed	Gmet_3241
Q39QM1	unreviewed	Gmet_3240
Q39QM3	unreviewed	Gmet_3238
Q39QM4	unreviewed	Gmet_3237
Q39QM5	unreviewed	Gmet_3236
Q39QN2	unreviewed	Gmet_3229
Q39QN4	unreviewed	Gmet_3227
Q39QN5	unreviewed	Gmet_3226
Q39QN6	unreviewed	Gmet_3225
Q39QN7	unreviewed	Gmet_3224
Q39QN9	unreviewed	Gmet_3222
Q39QP0	unreviewed	Gmet_3221
Q39QP1	unreviewed	Gmet_3220
Q39QP3	unreviewed	Gmet_3218
Q39QP5	unreviewed	Gmet_3216
Q39QP6	unreviewed	Gmet_3215
Q39QP9	unreviewed	cheR44H Gmet_3212
Q39QQ0	unreviewed	cheY44H Gmet_3211
Q39QQ1	unreviewed	cheC44H Gmet_3210
Q39QQ3	unreviewed	Gmet_3208
Q39QQ4	unreviewed	Gmet_3207
Q39QQ7	unreviewed	Gmet_3204
Q39QR7	unreviewed	Gmet_3194
Q39QS0	unreviewed	Gmet_3191
Q39QS2	unreviewed	Gmet_3189
Q39QS3	unreviewed	Gmet_3188
Q39QS6	unreviewed	Gmet_3185
Q39QS7	unreviewed	Gmet_3184
Q39QT0	unreviewed	Gmet_3181
Q39QT1	unreviewed	Gmet_3180
Q39QT2	unreviewed	Gmet_3179
Q39QT4	unreviewed	Gmet_3177
Q39QT5	unreviewed	galT Gmet_3176
Q39QT7	unreviewed	Gmet_3174
Q39QT8	unreviewed	Gmet_3173
Q39QT9	unreviewed	Gmet_3172
Q39QU1	unreviewed	frx-6 Gmet_3170
Q39QU3	unreviewed	Gmet_3168
Q39QU4	unreviewed	dinG Gmet_3167
Q39QU5	unreviewed	ppcB Gmet_3166
Q39QU6	unreviewed	ppcC Gmet_3165
Q39QU7	unreviewed	Gmet_3164
Q39QU8	unreviewed	yhcC-1 Gmet_3163
Q39QU9	unreviewed	Gmet_3162
Q39QV0	unreviewed	Gmet_3161
Q39QV1	unreviewed	Gmet_3160
Q39QV2	unreviewed	Gmet_3159
Q39QV3	unreviewed	Gmet_3158
Q39QV4	unreviewed	Gmet_3157
Q39QW0	unreviewed	lplA Gmet_3151
Q39QW2	unreviewed	Gmet_3149
Q39QW3	unreviewed	Gmet_3148
Q39QW4	unreviewed	Gmet_3147
Q39QW6	unreviewed	Gmet_3145
Q39QW7	unreviewed	Gmet_3144
Q39QW8	unreviewed	Gmet_3143
Q39QW9	unreviewed	Gmet_3142
Q39QX2	unreviewed	Gmet_3139
Q39QX3	unreviewed	Gmet_3138
Q39QX4	unreviewed	Gmet_3137
Q39QX6	unreviewed	Gmet_3135
Q39QX8	unreviewed	Gmet_3132
Q39QX9	unreviewed	Gmet_3131
Q39QY0	unreviewed	Gmet_3130
Q39QY1	unreviewed	Gmet_3129
Q39QY2	unreviewed	Gmet_3128
Q39QY3	unreviewed	Gmet_3127
Q39QY4	unreviewed	Gmet_3126
Q39QY5	unreviewed	Gmet_3125
Q39QY6	unreviewed	Gmet_3124
Q39QY7	unreviewed	Gmet_3123
Q39QY8	unreviewed	Gmet_3122
Q39QY9	unreviewed	Gmet_3121
Q39QZ0	unreviewed	Gmet_3120
Q39QZ1	unreviewed	cheY64H-1 Gmet_3119
Q39QZ2	unreviewed	cheX64H Gmet_3118
Q39QZ3	unreviewed	Gmet_3117
Q39QZ4	unreviewed	Gmet_3116
Q39QZ6	unreviewed	flgC Gmet_3114
Q39R00	unreviewed	fliH Gmet_3110
Q39R03	unreviewed	Gmet_3107
Q39R04	unreviewed	fliK Gmet_3106
Q39R05	unreviewed	flgD Gmet_3105
Q39R06	unreviewed	Gmet_3104
Q39R07	unreviewed	flgE Gmet_3103
Q39R11	unreviewed	fliN Gmet_3099
Q39R17	unreviewed	Gmet_3093
Q39R18	unreviewed	Gmet_3092
Q39R20	unreviewed	Gmet_3090
Q39R21	unreviewed	Gmet_3089
Q39R22	unreviewed	pccF Gmet_3088
Q39R23	unreviewed	mcp40H-3 Gmet_3087
Q39R24	unreviewed	Gmet_3086
Q39R25	unreviewed	Gmet_3085
Q39R26	unreviewed	Gmet_3084
Q39R27	unreviewed	Gmet_3083
Q39R28	unreviewed	aspA Gmet_3082
Q39R30	unreviewed	Gmet_3080
Q39R31	unreviewed	Gmet_3079
Q39R32	unreviewed	cls-1 Gmet_3078
Q39R33	unreviewed	Gmet_3077
Q39R37	unreviewed	Gmet_3073
Q39R42	unreviewed	Gmet_3068
Q39R44	unreviewed	Gmet_3065
Q39R45	unreviewed	Gmet_3064
Q39R46	unreviewed	Gmet_3063
Q39R47	unreviewed	Gmet_3062
Q39R48	unreviewed	Gmet_3061
Q39R49	unreviewed	Gmet_3060
Q39R50	unreviewed	Gmet_3059
Q39R51	unreviewed	Gmet_3058
Q39R54	unreviewed	Gmet_3055
Q39R55	unreviewed	Gmet_3054
Q39R56	unreviewed	Gmet_3053
Q39R57	unreviewed	Gmet_3052
Q39R58	unreviewed	Gmet_3051
Q39R59	unreviewed	Gmet_3050
Q39R60	unreviewed	Gmet_3049
Q39R61	unreviewed	Gmet_3048
Q39R62	unreviewed	Gmet_3047
Q39R63	unreviewed	Gmet_3046
Q39R65	unreviewed	ato-1 Gmet_3044
Q39R66	unreviewed	rhlE-1 Gmet_3043
Q39R69	unreviewed	Gmet_3040
Q39R72	unreviewed	Gmet_3037
Q39R73	unreviewed	Gmet_3036
Q39R77	unreviewed	Gmet_3032
Q39R78	unreviewed	aplD Gmet_3031
Q39R79	unreviewed	Gmet_3030
Q39R80	unreviewed	Gmet_3029
Q39R81	unreviewed	usp-1 Gmet_3028
Q39R82	unreviewed	Gmet_3027
Q39R84	unreviewed	Gmet_3025
Q39R85	unreviewed	Gmet_3024
Q39R86	unreviewed	sfrB Gmet_3023
Q39R90	unreviewed	Gmet_3019
Q39R91	unreviewed	Gmet_3018
Q39R92	unreviewed	Gmet_3017
Q39R94	unreviewed	Gmet_3015
Q39R95	unreviewed	yfiO Gmet_3014
Q39R97	unreviewed	Gmet_3012
Q39R98	unreviewed	ghr Gmet_3011
Q39R99	unreviewed	Gmet_3010
Q39RA0	unreviewed	Gmet_3009
Q39RA2	unreviewed	ymdB Gmet_3007
Q39RA3	unreviewed	Gmet_3006
Q39RA4	unreviewed	Gmet_3005
Q39RA5	unreviewed	Gmet_3004
Q39RA7	unreviewed	Gmet_3002
Q39RA8	unreviewed	Gmet_3001
Q39RA9	unreviewed	Gmet_3000
Q39RB0	unreviewed	Gmet_2999
Q39RB2	unreviewed	Gmet_2997
Q39RB3	unreviewed	Gmet_2996
Q39RB4	unreviewed	Gmet_2995
Q39RB6	unreviewed	Gmet_2993
Q39RB8	unreviewed	Gmet_2991
Q39RB9	unreviewed	Gmet_2990
Q39RC0	unreviewed	iscR-1 Gmet_2989
Q39RC2	unreviewed	Gmet_2987
Q39RC3	unreviewed	hspA-1 Gmet_2986
Q39RC4	unreviewed	Gmet_2985
Q39RC5	unreviewed	Gmet_2984
Q39RC7	unreviewed	Gmet_2982
Q39RC8	unreviewed	Gmet_2981
Q39RD0	unreviewed	Gmet_2979
Q39RD1	unreviewed	Gmet_2978
Q39RD2	unreviewed	Gmet_2977
Q39RD3	unreviewed	Gmet_2976
Q39RD6	unreviewed	Gmet_2973
Q39RD7	unreviewed	Gmet_2972
Q39RD8	unreviewed	Gmet_2971
Q39RD9	unreviewed	Gmet_2970
Q39RE0	unreviewed	Gmet_2969
Q39RE1	unreviewed	Gmet_2968
Q39RE2	unreviewed	Gmet_2967
Q39RE3	unreviewed	Gmet_2966
Q39RE4	unreviewed	Gmet_2965
Q39RE5	unreviewed	Gmet_2963
Q39RE6	unreviewed	Gmet_2961
Q39RE8	unreviewed	Gmet_2959
Q39RE9	unreviewed	Gmet_2958
Q39RF0	unreviewed	Gmet_2957
Q39RF1	unreviewed	Gmet_2956
Q39RF2	unreviewed	Gmet_2955
Q39RF3	unreviewed	Gmet_2954
Q39RF5	unreviewed	Gmet_2952
Q39RF6	unreviewed	Gmet_2951
Q39RF7	unreviewed	Gmet_2949
Q39RF8	unreviewed	cstA-1 Gmet_2948
Q39RG0	unreviewed	Gmet_2946
Q39RG1	unreviewed	Gmet_2945
Q39RG2	unreviewed	Gmet_2944
Q39RG7	unreviewed	mcp40H-2 Gmet_2939
Q39RG8	unreviewed	mcp64H-1 Gmet_2938
Q39RG9	unreviewed	ycgM Gmet_2937
Q39RH0	unreviewed	yhcC-2 Gmet_2936
Q39RH3	unreviewed	thiS-1 Gmet_2933
Q39RH4	unreviewed	cbcE Gmet_2932
Q39RH6	unreviewed	cbcC Gmet_2930
Q39RH7	unreviewed	cbcB Gmet_2929
Q39RH8	unreviewed	cbcA Gmet_2928
Q39RH9	unreviewed	Gmet_2927
Q39RI0	unreviewed	Gmet_2926
Q39RI1	unreviewed	Gmet_2925
Q39RI2	unreviewed	Gmet_2924
Q39RI4	unreviewed	Gmet_2922
Q39RI5	unreviewed	Gmet_2921
Q39RI6	unreviewed	Gmet_2920
Q39RI7	unreviewed	Gmet_2919
Q39RI8	unreviewed	Gmet_2918
Q39RI9	unreviewed	Gmet_2917
Q39RJ0	unreviewed	Gmet_2916
Q39RJ1	unreviewed	Gmet_2915
Q39RJ2	unreviewed	Gmet_2914
Q39RJ3	unreviewed	Gmet_2913
Q39RJ4	unreviewed	Gmet_2912
Q39RK0	unreviewed	Gmet_2906
Q39RK5	unreviewed	Gmet_2901
Q39RK7	unreviewed	Gmet_2899
Q39RK8	unreviewed	Gmet_2898
Q39RK9	unreviewed	Gmet_2897
Q39RL0	unreviewed	Gmet_2896
Q39RL1	unreviewed	Gmet_2895
Q39RL2	unreviewed	Gmet_2894
Q39RL3	unreviewed	Gmet_2893
Q39RL4	unreviewed	Gmet_2892
Q39RL5	unreviewed	Gmet_2891
Q39RL6	unreviewed	Gmet_2890
Q39RL7	unreviewed	Gmet_2889
Q39RL8	unreviewed	Gmet_2888
Q39RL9	unreviewed	Gmet_2887
Q39RM0	unreviewed	Gmet_2886
Q39RM1	unreviewed	Gmet_2885
Q39RM2	unreviewed	Gmet_2884
Q39RM4	unreviewed	Gmet_2882
Q39RM5	unreviewed	Gmet_2881
Q39RM6	unreviewed	Gmet_2880
Q39RM7	unreviewed	Gmet_2879
Q39RM8	unreviewed	Gmet_2878
Q39RM9	unreviewed	Gmet_2877
Q39RN0	unreviewed	Gmet_2876
Q39RN1	unreviewed	Gmet_2875
Q39RN2	unreviewed	Gmet_2874
Q39RN3	unreviewed	Gmet_2873
Q39RN9	unreviewed	Gmet_2867
Q39RP3	unreviewed	Gmet_2863
Q39RP9	unreviewed	Gmet_2857
Q39RQ0	unreviewed	Gmet_2856
Q39RQ1	unreviewed	thiF-1 Gmet_2855
Q39RQ4	unreviewed	Gmet_2852
Q39RQ6	unreviewed	Gmet_2850
Q39RR4	unreviewed	Gmet_2842
Q39RR7	unreviewed	omcX Gmet_2839
Q39RR8	unreviewed	Gmet_2838
Q39RR9	unreviewed	Gmet_2837
Q39RS0	unreviewed	Gmet_2836
Q39RS1	unreviewed	Gmet_2835
Q39RS3	unreviewed	Gmet_2833
Q39RS4	unreviewed	Gmet_2832
Q39RS5	unreviewed	Gmet_2831
Q39RS6	unreviewed	Gmet_2830
Q39RS7	unreviewed	Gmet_2829
Q39RS8	unreviewed	mcp40H-13 Gmet_2828
Q39RS9	unreviewed	cheY64H-2 Gmet_2827
Q39RT1	unreviewed	mcp40H-11 Gmet_2825
Q39RT3	unreviewed	hpnH Gmet_2823
Q39RT5	unreviewed	hpnA Gmet_2821
Q39RT7	unreviewed	hpnN Gmet_2819
Q39RT8	unreviewed	Gmet_2818
Q39RT9	unreviewed	Gmet_2817
Q39RU0	unreviewed	Gmet_2816
Q39RU1	unreviewed	hpnI Gmet_2815
Q39RU2	unreviewed	Gmet_2814
Q39RU3	unreviewed	Gmet_2813
Q39RU4	unreviewed	Gmet_2812
Q39RU7	unreviewed	Gmet_2809
Q39RU9	unreviewed	Gmet_2807
Q39RV0	unreviewed	yciH Gmet_2806
Q39RV1	unreviewed	mak Gmet_2805
Q39RV2	unreviewed	Gmet_2804
Q39RV4	unreviewed	Gmet_2802
Q39RV5	unreviewed	Gmet_2801
Q39RV6	unreviewed	Gmet_2800
Q39RV7	unreviewed	Gmet_2799
Q39RV8	unreviewed	Gmet_2798
Q39RW1	unreviewed	Gmet_2795
Q39RW2	unreviewed	Gmet_2794
Q39RW3	unreviewed	Gmet_2793
Q39RW4	unreviewed	Gmet_2792
Q39RW5	unreviewed	Gmet_2791
Q39RW7	unreviewed	Gmet_2789
Q39RW9	unreviewed	Gmet_2787
Q39RX0	unreviewed	cpkA Gmet_2786
Q39RX1	unreviewed	Gmet_2785
Q39RX2	unreviewed	Gmet_2784
Q39RX5	unreviewed	Gmet_2781
Q39RX6	unreviewed	Gmet_2780
Q39RX7	unreviewed	Gmet_2779
Q39RX8	unreviewed	Gmet_2778
Q39RX9	unreviewed	Gmet_2777
Q39RY0	unreviewed	lpxH Gmet_2776
Q39RY1	unreviewed	Gmet_2775
Q39RY2	unreviewed	Gmet_2774
Q39RY3	unreviewed	Gmet_2773
Q39RY5	unreviewed	Gmet_2771
Q39RZ1	unreviewed	Gmet_2765
Q39RZ3	unreviewed	Gmet_2763
Q39RZ5	unreviewed	Gmet_2761
Q39RZ7	unreviewed	Gmet_2759
Q39RZ8	unreviewed	Gmet_2758
Q39RZ9	unreviewed	Gmet_2757
Q39S00	unreviewed	Gmet_2756
Q39S01	unreviewed	Gmet_2755
Q39S02	unreviewed	Gmet_2754
Q39S03	unreviewed	pdhB Gmet_2753
Q39S05	unreviewed	Gmet_2751
Q39S06	unreviewed	Gmet_2750
Q39S07	unreviewed	Gmet_2749
Q39S11	unreviewed	Gmet_2745
Q39S12	unreviewed	Gmet_2744
Q39S13	unreviewed	Gmet_2743
Q39S14	unreviewed	Gmet_2742
Q39S15	unreviewed	Gmet_2741
Q39S16	unreviewed	Gmet_2740
Q39S17	unreviewed	cheV Gmet_2739
Q39S18	unreviewed	Gmet_2738
Q39S20	unreviewed	Gmet_2736
Q39S21	unreviewed	Gmet_2735
Q39S22	unreviewed	Gmet_2734
Q39S23	unreviewed	Gmet_2733
Q39S24	unreviewed	Gmet_2732
Q39S25	unreviewed	Gmet_2731
Q39S26	unreviewed	Gmet_2730
Q39S29	unreviewed	Gmet_2727
Q39S30	unreviewed	Gmet_2726
Q39S31	unreviewed	Gmet_2725
Q39S33	unreviewed	prx-1 Gmet_2723
Q39S35	unreviewed	Gmet_2721
Q39S36	unreviewed	tldD Gmet_2720
Q39S37	unreviewed	Gmet_2719
Q39S38	unreviewed	Gmet_2718
Q39S41	unreviewed	pbuG Gmet_2715
Q39S42	unreviewed	Gmet_2714
Q39S47	unreviewed	mcp40H-21 Gmet_2709
Q39S48	unreviewed	cheW40H-5 Gmet_2708
Q39S49	unreviewed	cheR40H-2 Gmet_2707
Q39S50	unreviewed	cheW40H-4 Gmet_2706
Q39S56	unreviewed	Gmet_2700
Q39S57	unreviewed	Gmet_2699
Q39S59	unreviewed	lytT Gmet_2697
Q39S60	unreviewed	cstA-2 Gmet_2696
Q39S61	unreviewed	hprA Gmet_2695
Q39S63	unreviewed	phoB Gmet_2693
Q39S64	unreviewed	Gmet_2692
Q39S65	unreviewed	Gmet_2691
Q39S66	unreviewed	Gmet_2690
Q39S68	unreviewed	Gmet_2688
Q39S69	unreviewed	Gmet_2687
Q39S73	unreviewed	Gmet_2683
Q39S74	unreviewed	Gmet_2682
Q39S75	unreviewed	Gmet_2681
Q39S76	unreviewed	Gmet_2680
Q39S77	unreviewed	Gmet_2679
Q39S78	unreviewed	usp-2 Gmet_2678
Q39S80	unreviewed	Gmet_2676
Q39S81	unreviewed	yhaM Gmet_2675
Q39S82	unreviewed	ycbL Gmet_2674
Q39S84	unreviewed	Gmet_2672
Q39S86	unreviewed	Gmet_2670
Q39S88	unreviewed	Gmet_2668
Q39S89	unreviewed	Gmet_2667
Q39S90	unreviewed	Gmet_2666
Q39S91	unreviewed	Gmet_2665
Q39S92	unreviewed	Gmet_2664
Q39S93	unreviewed	Gmet_2663
Q39S94	unreviewed	Gmet_2662
Q39S95	unreviewed	Gmet_2661
Q39S96	unreviewed	Gmet_2660
Q39S97	unreviewed	Gmet_2659
Q39S98	unreviewed	Gmet_2658
Q39S99	unreviewed	Gmet_2657
Q39SA0	unreviewed	Gmet_2656
Q39SA1	unreviewed	Gmet_2655
Q39SA2	unreviewed	Gmet_2654
Q39SA3	unreviewed	Gmet_2653
Q39SA4	unreviewed	Gmet_2652
Q39SA5	unreviewed	Gmet_2651
Q39SA6	unreviewed	Gmet_2650
Q39SA7	unreviewed	Gmet_2649
Q39SA8	unreviewed	Gmet_2648
Q39SA9	unreviewed	Gmet_2647
Q39SB0	unreviewed	Gmet_2646
Q39SB1	unreviewed	Gmet_2645
Q39SB4	unreviewed	cheR-7 Gmet_2641
Q39SB8	unreviewed	Gmet_2637
Q39SB9	unreviewed	Gmet_2636
Q39SC1	unreviewed	cydD Gmet_2634
Q39SC3	unreviewed	Gmet_2632
Q39SC4	unreviewed	Gmet_2631
Q39SC5	unreviewed	Gmet_2630
Q39SC6	unreviewed	Gmet_2629
Q39SC7	unreviewed	Gmet_2628
Q39SC8	unreviewed	Gmet_2627
Q39SC9	unreviewed	Gmet_2626
Q39SD0	unreviewed	Gmet_2625
Q39SD1	unreviewed	Gmet_2624
Q39SD2	unreviewed	Gmet_2623
Q39SD3	unreviewed	Gmet_2622
Q39SD4	unreviewed	rpiB-2 Gmet_2621
Q39SD5	unreviewed	gnd Gmet_2620
Q39SD8	unreviewed	Gmet_2617
Q39SD9	unreviewed	Gmet_2616
Q39SE0	unreviewed	Gmet_2615
Q39SE1	unreviewed	Gmet_2614
Q39SE2	unreviewed	Gmet_2613
Q39SE3	unreviewed	rpoE Gmet_2612
Q39SE4	unreviewed	Gmet_2611
Q39SE5	unreviewed	Gmet_2610
Q39SE6	unreviewed	Gmet_2609
Q39SE7	unreviewed	Gmet_2608
Q39SE9	unreviewed	rnk Gmet_2606
Q39SF0	unreviewed	Gmet_2605
Q39SF1	unreviewed	Gmet_2604
Q39SF3	unreviewed	Gmet_2602
Q39SF4	unreviewed	ehrA-1 Gmet_2601
Q39SF5	unreviewed	ehrB-1 Gmet_2600
Q39SF6	unreviewed	ehrC-1 Gmet_2599
Q39SF7	unreviewed	ehrD-1 Gmet_2598
Q39SF8	unreviewed	ehrL-1 Gmet_2597
Q39SF9	unreviewed	ehrS-1 Gmet_2596
Q39SG0	unreviewed	Gmet_2595
Q39SG1	unreviewed	Gmet_2594
Q39SG3	unreviewed	Gmet_2592
Q39SG4	unreviewed	Gmet_2591
Q39SG5	unreviewed	Gmet_2590
Q39SG6	unreviewed	Gmet_2589
Q39SH1	unreviewed	Gmet_2584
Q39SH2	unreviewed	Gmet_2583
Q39SH4	unreviewed	mscS-2 Gmet_2581
Q39SH6	unreviewed	Gmet_2579
Q39SH7	unreviewed	Gmet_2578
Q39SH8	unreviewed	namA Gmet_2577
Q39SH9	unreviewed	Gmet_2576
Q39SI0	unreviewed	Gmet_2575
Q39SI1	unreviewed	Gmet_2574
Q39SI2	unreviewed	rhlE-2 Gmet_2573
Q39SI3	unreviewed	Gmet_2572
Q39SI4	unreviewed	Gmet_2571
Q39SI6	unreviewed	Gmet_2569
Q39SI8	unreviewed	lpxA-2 Gmet_2567
Q39SI9	unreviewed	Gmet_2566
Q39SJ0	unreviewed	Gmet_2565
Q39SJ1	unreviewed	Gmet_2564
Q39SJ2	unreviewed	gnfM Gmet_2563
Q39SJ3	unreviewed	gnfL Gmet_2562
Q39SJ5	unreviewed	Gmet_2560
Q39SJ6	unreviewed	Gmet_2559
Q39SJ9	unreviewed	Gmet_2556
Q39SK0	unreviewed	Gmet_2555
Q39SK1	unreviewed	Gmet_2554
Q39SK2	unreviewed	Gmet_2553
Q39SK3	unreviewed	Gmet_2552
Q39SK4	unreviewed	Gmet_2551
Q39SK5	unreviewed	Gmet_2550
Q39SK6	unreviewed	metK-2 Gmet_2549
Q39SK7	unreviewed	Gmet_2548
Q39SK8	unreviewed	Gmet_2547
Q39SL0	unreviewed	Gmet_2545
Q39SL3	unreviewed	Gmet_2542
Q39SL4	unreviewed	Gmet_2541
Q39SL5	unreviewed	Gmet_2540
Q39SL8	unreviewed	Gmet_2535
Q39SL9	unreviewed	Gmet_2534
Q39SM0	unreviewed	Gmet_2533
Q39SM3	unreviewed	Gmet_2530
Q39SM4	unreviewed	Gmet_2529
Q39SM5	unreviewed	Gmet_2528
Q39SM6	unreviewed	Gmet_2527
Q39SM7	unreviewed	Gmet_2526
Q39SM8	unreviewed	Gmet_2525
Q39SM9	unreviewed	Gmet_2524
Q39SN0	unreviewed	Gmet_2523
Q39SN3	unreviewed	Gmet_2520
Q39SN4	unreviewed	Gmet_2519
Q39SN5	unreviewed	Gmet_2518
Q39SN6	unreviewed	Gmet_2517
Q39SN7	unreviewed	Gmet_2516
Q39SN9	unreviewed	Gmet_2513
Q39SP0	unreviewed	Gmet_2512
Q39SP2	unreviewed	bkdB Gmet_2510
Q39SP4	unreviewed	Gmet_2508
Q39SP6	unreviewed	Gmet_2506
Q39SP7	unreviewed	Gmet_2505
Q39SP8	unreviewed	Gmet_2504
Q39SQ0	unreviewed	Gmet_2502
Q39SQ1	unreviewed	Gmet_2500
Q39SQ2	unreviewed	Gmet_2499
Q39SQ5	unreviewed	trpG Gmet_2496
Q39SR0	unreviewed	Gmet_2490
Q39SR3	unreviewed	Gmet_2486
Q39SR4	unreviewed	Gmet_2485
Q39SR6	unreviewed	Gmet_2483
Q39SR8	unreviewed	Gmet_2481
Q39SR9	unreviewed	Gmet_2480
Q39SS0	unreviewed	Gmet_2479
Q39SS5	unreviewed	lptD Gmet_2474
Q39SS8	unreviewed	Gmet_2471
Q39SS9	unreviewed	Gmet_2470
Q39ST0	unreviewed	Gmet_2469
Q39ST1	unreviewed	Gmet_2468
Q39ST2	unreviewed	Gmet_2467
Q39ST3	unreviewed	exeA Gmet_2466
Q39ST4	unreviewed	Gmet_2465
Q39ST5	unreviewed	Gmet_2464
Q39ST7	unreviewed	Gmet_2462
Q39ST8	unreviewed	Gmet_2461
Q39SU0	unreviewed	Gmet_2459
Q39SU2	unreviewed	Gmet_2457
Q39SU3	unreviewed	Gmet_2456
Q39SU4	unreviewed	ispB Gmet_2455
Q39SU6	unreviewed	Gmet_2453
Q39SU7	unreviewed	resA Gmet_2452
Q39SU8	unreviewed	ccdA-1 Gmet_2451
Q39SU9	unreviewed	Gmet_2450
Q39SV0	unreviewed	Gmet_2449
Q39SV1	unreviewed	Gmet_2448
Q39SV2	unreviewed	Gmet_2447
Q39SV3	unreviewed	Gmet_2446
Q39SV6	unreviewed	Gmet_2443
Q39SV7	unreviewed	ideR Gmet_2442
Q39SV8	unreviewed	nikMN Gmet_2441
Q39SV9	unreviewed	nikQ Gmet_2440
Q39SW1	unreviewed	Gmet_2438
Q39SW2	unreviewed	kdpE Gmet_2437
Q39SW7	unreviewed	Gmet_2432
Q39SW8	unreviewed	cheY34H-2 Gmet_2431
Q39SW9	unreviewed	mcp34H-1 Gmet_2430
Q39SX0	unreviewed	Gmet_2429
Q39SX1	unreviewed	cheY34H-1 Gmet_2428
Q39SX4	unreviewed	Gmet_2425
Q39SX6	unreviewed	mcp34H-3 Gmet_2423
Q39SX8	unreviewed	cheW34H Gmet_2421
Q39SX9	unreviewed	cheR34H Gmet_2420
Q39SY2	unreviewed	Gmet_2417
Q39SY3	unreviewed	hpnJ Gmet_2416
Q39SY4	unreviewed	hpnK Gmet_2415
Q39SY5	unreviewed	Gmet_2414
Q39SY6	unreviewed	Gmet_2413
Q39SY8	unreviewed	Gmet_2411
Q39SZ0	unreviewed	Gmet_2409
Q39SZ1	unreviewed	Gmet_2408
Q39SZ2	unreviewed	Gmet_2407
Q39SZ3	unreviewed	Gmet_2406
Q39SZ4	unreviewed	Gmet_2405
Q39SZ6	unreviewed	Gmet_2403
Q39SZ7	unreviewed	Gmet_2402
Q39SZ8	unreviewed	yyaL Gmet_2401
Q39T00	unreviewed	mazG Gmet_2399
Q39T02	unreviewed	frdC Gmet_2397
Q39T03	unreviewed	frdA Gmet_2396
Q39T05	unreviewed	Gmet_2394
Q39T07	unreviewed	Gmet_2392
Q39T09	unreviewed	metY-1 Gmet_2390
Q39T10	unreviewed	acpH Gmet_2389
Q39T11	unreviewed	Gmet_2388
Q39T12	unreviewed	Gmet_2387
Q39T14	unreviewed	Gmet_2385
Q39T15	unreviewed	selU Gmet_2384
Q39T16	unreviewed	Gmet_2383
Q39T17	unreviewed	Gmet_2382
Q39T18	unreviewed	Gmet_2381
Q39T19	unreviewed	Gmet_2380
Q39T22	unreviewed	Gmet_2377
Q39T28	unreviewed	Gmet_2371
Q39T31	unreviewed	Gmet_2368
Q39T34	unreviewed	Gmet_2365
Q39T35	unreviewed	Gmet_2364
Q39T36	unreviewed	Gmet_2363
Q39T38	unreviewed	Gmet_2361
Q39T40	unreviewed	lolE-1 Gmet_2359
Q39T42	unreviewed	yaeT Gmet_2357
Q39T47	unreviewed	gnnA Gmet_2352
Q39T48	unreviewed	gnnB Gmet_2351
Q39T50	unreviewed	msbA Gmet_2349
Q39T53	unreviewed	Gmet_2346
Q39T55	unreviewed	Gmet_2344
Q39T56	unreviewed	Gmet_2343
Q39T57	unreviewed	Gmet_2342
Q39T58	unreviewed	Gmet_2341
Q39T59	unreviewed	acsA Gmet_2340
Q39T60	unreviewed	acpP-4 Gmet_2339
Q39T61	unreviewed	Gmet_2338
Q39T62	unreviewed	Gmet_2337
Q39T63	unreviewed	Gmet_2336
Q39T64	unreviewed	Gmet_2335
Q39T65	unreviewed	Gmet_2334
Q39T66	unreviewed	Gmet_2333
Q39T67	unreviewed	Gmet_2332
Q39T69	unreviewed	uge Gmet_2330
Q39T71	unreviewed	yicC Gmet_2328
Q39T75	unreviewed	Gmet_2324
Q39T77	unreviewed	Gmet_2322
Q39T79	unreviewed	Gmet_2320
Q39T83	unreviewed	Gmet_2316
Q39T86	unreviewed	Gmet_2313
Q39T87	unreviewed	cheY40H-1 Gmet_2312
Q39T89	unreviewed	Gmet_2310
Q39T90	unreviewed	cheW40H-1 Gmet_2309
Q39T91	unreviewed	cheY40H-2 Gmet_2308
Q39T92	unreviewed	cheW40H-2 Gmet_2307
Q39T93	unreviewed	Gmet_2306
Q39T94	unreviewed	cheR40H-1 Gmet_2305
Q39T96	unreviewed	Gmet_2303
Q39T97	unreviewed	cheY40H-4 Gmet_2302
Q39T98	unreviewed	Gmet_2301
Q39TA0	unreviewed	lptE Gmet_2299
Q39TA1	unreviewed	holA Gmet_2298
Q39TA4	unreviewed	Gmet_2295
Q39TA5	unreviewed	Gmet_2294
Q39TA8	unreviewed	Gmet_2291
Q39TA9	unreviewed	Gmet_2290
Q39TB0	unreviewed	Gmet_2289
Q39TB1	unreviewed	Gmet_2288
Q39TB2	unreviewed	Gmet_2287
Q39TB3	unreviewed	Gmet_2286
Q39TB4	unreviewed	ccaC Gmet_2285
Q39TB6	unreviewed	Gmet_2283
Q39TB7	unreviewed	Gmet_2282
Q39TB8	unreviewed	Gmet_2281
Q39TB9	unreviewed	Gmet_2280
Q39TC0	unreviewed	Gmet_2279
Q39TC1	unreviewed	Gmet_2277
Q39TC2	unreviewed	Gmet_2276
Q39TC3	unreviewed	Gmet_2275
Q39TC4	unreviewed	Gmet_2274
Q39TC8	unreviewed	Gmet_2270
Q39TC9	unreviewed	Gmet_2269
Q39TD0	unreviewed	Gmet_2268
Q39TD1	unreviewed	Gmet_2267
Q39TD2	unreviewed	etfB-8 Gmet_2266
Q39TD3	unreviewed	etfA-8 Gmet_2265
Q39TD4	unreviewed	Gmet_2264
Q39TD5	unreviewed	etfB-6 Gmet_2263
Q39TD6	unreviewed	etfA-6 Gmet_2262
Q39TD9	unreviewed	Gmet_2259
Q39TE0	unreviewed	etfB-3 Gmet_2258
Q39TE1	unreviewed	etfA-3 Gmet_2257
Q39TE2	unreviewed	Gmet_0007 Gmet_0093 Gmet_0708 Gmet_2256 Gmet_2593 Gmet_3081
Q39TE3	unreviewed	Gmet_2255
Q39TE4	unreviewed	Gmet_2254
Q39TE5	unreviewed	Gmet_2253
Q39TE6	unreviewed	Gmet_2251
Q39TE7	unreviewed	Gmet_2250
Q39TE8	unreviewed	Gmet_2249
Q39TE9	unreviewed	Gmet_2248
Q39TF0	unreviewed	Gmet_2247
Q39TF1	unreviewed	Gmet_2246
Q39TF2	unreviewed	Gmet_2245
Q39TF3	unreviewed	Gmet_2244
Q39TF4	unreviewed	Gmet_2243
Q39TF5	unreviewed	Gmet_2242
Q39TF6	unreviewed	Gmet_2241
Q39TF8	unreviewed	Gmet_2239
Q39TF9	unreviewed	Gmet_2238
Q39TG0	unreviewed	Gmet_2237
Q39TG1	unreviewed	Gmet_2236
Q39TG2	unreviewed	Gmet_2235
Q39TG3	unreviewed	Gmet_2234
Q39TG4	unreviewed	Gmet_2233
Q39TG5	unreviewed	Gmet_2232
Q39TG6	unreviewed	Gmet_2231
Q39TG7	unreviewed	Gmet_2230
Q39TG8	unreviewed	Gmet_2229
Q39TG9	unreviewed	Gmet_2228
Q39TH0	unreviewed	Gmet_2227
Q39TH1	unreviewed	Gmet_2226
Q39TH2	unreviewed	Gmet_2225
Q39TH3	unreviewed	Gmet_2224
Q39TH4	unreviewed	Gmet_2223
Q39TH5	unreviewed	Gmet_2222
Q39TH6	unreviewed	Gmet_2221
Q39TH8	unreviewed	Gmet_2219
Q39TH9	unreviewed	Gmet_2218
Q39TI0	unreviewed	Gmet_2217
Q39TI1	unreviewed	Gmet_2216
Q39TI2	unreviewed	Gmet_2215
Q39TI3	unreviewed	Gmet_2214
Q39TI4	unreviewed	Gmet_2213
Q39TI5	unreviewed	Gmet_2212
Q39TI6	unreviewed	Gmet_2211
Q39TI7	unreviewed	Gmet_2210
Q39TI8	unreviewed	Gmet_2209
Q39TI9	unreviewed	Gmet_2208
Q39TJ0	unreviewed	Gmet_2207
Q39TJ1	unreviewed	Gmet_2206
Q39TJ2	unreviewed	Gmet_2205
Q39TJ3	unreviewed	Gmet_2204
Q39TJ4	unreviewed	Gmet_2203
Q39TJ5	unreviewed	Gmet_2202
Q39TJ6	unreviewed	Gmet_2201
Q39TJ7	unreviewed	Gmet_2200
Q39TJ8	unreviewed	Gmet_2199
Q39TJ9	unreviewed	Gmet_2198
Q39TK0	unreviewed	Gmet_2197
Q39TK1	unreviewed	Gmet_2196
Q39TK2	unreviewed	Gmet_2195
Q39TK3	unreviewed	Gmet_2194
Q39TK4	unreviewed	Gmet_2193
Q39TK5	unreviewed	Gmet_2192
Q39TK7	unreviewed	Gmet_2189
Q39TK8	unreviewed	Gmet_2188
Q39TK9	unreviewed	Gmet_2187
Q39TL1	unreviewed	Gmet_2185
Q39TL2	unreviewed	Gmet_2184
Q39TL3	unreviewed	Gmet_2183
Q39TL4	unreviewed	Gmet_2181
Q39TL5	unreviewed	Gmet_2180
Q39TL6	unreviewed	Gmet_2179
Q39TL7	unreviewed	Gmet_2178
Q39TL8	unreviewed	Gmet_2177
Q39TL9	unreviewed	Gmet_2176
Q39TM0	unreviewed	Gmet_2175
Q39TM1	unreviewed	Gmet_2174
Q39TM2	unreviewed	Gmet_2173
Q39TM4	unreviewed	Gmet_2171
Q39TM5	unreviewed	Gmet_2170
Q39TM6	unreviewed	Gmet_2169
Q39TM7	unreviewed	Gmet_2168
Q39TN0	unreviewed	Gmet_2165
Q39TN2	unreviewed	ompB Gmet_2163
Q39TN3	unreviewed	Gmet_2162
Q39TN6	unreviewed	Gmet_2159
Q39TN7	unreviewed	Gmet_2158
Q39TN8	unreviewed	Gmet_2157
Q39TN9	unreviewed	Gmet_2156
Q39TP0	unreviewed	Gmet_2155
Q39TP1	unreviewed	Gmet_2154
Q39TP2	unreviewed	Gmet_2153
Q39TP3	unreviewed	Gmet_2152
Q39TP5	unreviewed	bamR Gmet_2150
Q39TP6	unreviewed	bamS Gmet_2149
Q39TP7	unreviewed	Gmet_2148
Q39TP8	unreviewed	bamU Gmet_2147
Q39TQ0	unreviewed	bamW Gmet_2145
Q39TQ1	unreviewed	Gmet_2144
Q39TQ2	unreviewed	bamY Gmet_2143
Q39TQ3	unreviewed	Gmet_2142
Q39TQ4	unreviewed	Gmet_2141
Q39TQ5	unreviewed	pcmX Gmet_2140
Q39TQ6	unreviewed	pcmW Gmet_2139
Q39TQ7	unreviewed	pcmV Gmet_2138
Q39TQ8	unreviewed	pcmU Gmet_2137
Q39TQ9	unreviewed	pcmT Gmet_2136
Q39TR0	unreviewed	pcmS Gmet_2135
Q39TR1	unreviewed	pcmR Gmet_2134
Q39TR2	unreviewed	pcmQ Gmet_2133
Q39TR4	unreviewed	pcmO Gmet_2131
Q39TR5	unreviewed	Gmet_2130
Q39TR6	unreviewed	pcmM Gmet_2129
Q39TR8	unreviewed	pcmK Gmet_2127
Q39TR9	unreviewed	pcmJ Gmet_2126
Q39TS0	unreviewed	pcmI Gmet_2125
Q39TS1	unreviewed	Gmet_2124
Q39TS2	unreviewed	pcmG Gmet_2123
Q39TS3	unreviewed	pcmF Gmet_2122
Q39TS4	unreviewed	pcmE Gmet_2121
Q39TS5	unreviewed	pcmD Gmet_2120
Q39TS6	unreviewed	pcmC Gmet_2119
Q39TS8	unreviewed	Gmet_2117
Q39TS9	unreviewed	Gmet_2116
Q39TT0	unreviewed	Gmet_2115
Q39TT1	unreviewed	Gmet_2114
Q39TT2	unreviewed	Gmet_2113
Q39TT3	unreviewed	Gmet_2112
Q39TT5	unreviewed	Gmet_2110
Q39TT6	unreviewed	Gmet_2109
Q39TT7	unreviewed	Gmet_2108
Q39TT8	unreviewed	Gmet_2107
Q39TU1	unreviewed	Gmet_2104
Q39TU2	unreviewed	Gmet_2103
Q39TU3	unreviewed	Gmet_2102
Q39TU5	unreviewed	Gmet_2100
Q39TU6	unreviewed	Gmet_2099
Q39TU7	unreviewed	ptb Gmet_2098
Q39TU8	unreviewed	bgeR Gmet_2097
Q39TU9	unreviewed	Gmet_2096
Q39TV1	unreviewed	mosC-2 Gmet_2094
Q39TV3	unreviewed	Gmet_2092
Q39TV5	unreviewed	Gmet_2090
Q39TV6	unreviewed	Gmet_2089
Q39TV8	unreviewed	bamB-1 Gmet_2087
Q39TV9	unreviewed	bamC-1 Gmet_2086
Q39TW0	unreviewed	bamD Gmet_2085
Q39TW1	unreviewed	bamE Gmet_2084
Q39TW2	unreviewed	bamF Gmet_2083
Q39TW4	unreviewed	bamG Gmet_2081
Q39TW5	unreviewed	bamH Gmet_2080
Q39TW6	unreviewed	bamI Gmet_2079
Q39TW7	unreviewed	bamJ Gmet_2078
Q39TW8	unreviewed	bamK Gmet_2077
Q39TX0	unreviewed	bamM Gmet_2075
Q39TX1	unreviewed	bamN Gmet_2074
Q39TX3	unreviewed	Gmet_2072
Q39TX4	unreviewed	Gmet_2071
Q39TX5	unreviewed	Gmet_2070
Q39TX8	unreviewed	etfB-2 Gmet_2067
Q39TX9	unreviewed	etfA-2 Gmet_2066
Q39TY0	unreviewed	Gmet_2065
Q39TY1	unreviewed	Gmet_2064
Q39TY2	unreviewed	Gmet_2063
Q39TY3	unreviewed	Gmet_2062
Q39TY4	unreviewed	Gmet_2061
Q39TY5	unreviewed	Gmet_2060
Q39TY7	unreviewed	Gmet_2058
Q39TY8	unreviewed	Gmet_2057
Q39TY9	unreviewed	Gmet_2056
Q39TZ0	unreviewed	Gmet_2055
Q39TZ1	unreviewed	Gmet_2054
Q39TZ5	unreviewed	Gmet_2050
Q39TZ6	unreviewed	Gmet_2049
Q39TZ7	unreviewed	Gmet_2048
Q39TZ8	unreviewed	Gmet_2047
Q39TZ9	unreviewed	Gmet_2046
Q39U00	unreviewed	Gmet_2045
Q39U01	unreviewed	Gmet_2044
Q39U02	unreviewed	Gmet_2043
Q39U03	unreviewed	Gmet_2042
Q39U04	unreviewed	Gmet_2041
Q39U05	unreviewed	Gmet_2040
Q39U06	unreviewed	Gmet_2039
Q39U07	unreviewed	Gmet_2038
Q39U08	unreviewed	Gmet_2037
Q39U09	unreviewed	Gmet_2036
Q39U10	unreviewed	Gmet_2035
Q39U11	unreviewed	Gmet_2034
Q39U12	unreviewed	Gmet_2033
Q39U13	unreviewed	Gmet_2032
Q39U14	unreviewed	Gmet_2031
Q39U16	unreviewed	Gmet_2029
Q39U17	unreviewed	Gmet_2028
Q39U18	unreviewed	Gmet_2027
Q39U19	unreviewed	Gmet_2026
Q39U20	unreviewed	Gmet_2025
Q39U22	unreviewed	Gmet_2023
Q39U23	unreviewed	Gmet_2022
Q39U24	unreviewed	acpP-3 Gmet_2021
Q39U25	unreviewed	Gmet_2020
Q39U26	unreviewed	Gmet_2019
Q39U27	unreviewed	Gmet_2018
Q39U28	unreviewed	Gmet_2017
Q39U29	unreviewed	Gmet_2016
Q39U30	unreviewed	Gmet_2015
Q39U31	unreviewed	Gmet_2014
Q39U32	unreviewed	Gmet_2013
Q39U33	unreviewed	Gmet_2012
Q39U34	unreviewed	Gmet_2011
Q39U35	unreviewed	Gmet_2010
Q39U36	unreviewed	Gmet_2009
Q39U37	unreviewed	Gmet_2008
Q39U38	unreviewed	Gmet_2007
Q39U40	unreviewed	Gmet_2005
Q39U41	unreviewed	Gmet_2004
Q39U42	unreviewed	epsH Gmet_2003
Q39U43	unreviewed	epsI Gmet_2002
Q39U44	unreviewed	Gmet_2001
Q39U45	unreviewed	Gmet_2000
Q39U46	unreviewed	Gmet_1999
Q39U47	unreviewed	Gmet_1998
Q39U48	unreviewed	Gmet_1997
Q39U49	unreviewed	Gmet_1996
Q39U50	unreviewed	Gmet_1995
Q39U51	unreviewed	capL Gmet_1994
Q39U52	unreviewed	Gmet_1993
Q39U53	unreviewed	Gmet_1992
Q39U54	unreviewed	Gmet_1991
Q39U55	unreviewed	Gmet_1990
Q39U56	unreviewed	Gmet_1989
Q39U60	unreviewed	fusA-1 Gmet_1985
Q39U61	unreviewed	Gmet_1984
Q39U62	unreviewed	Gmet_1983
Q39U63	unreviewed	Gmet_1982
Q39U64	unreviewed	Gmet_1981
Q39U66	unreviewed	Gmet_1979
Q39U69	unreviewed	Gmet_1976
Q39U70	unreviewed	Gmet_1975
Q39U71	unreviewed	Gmet_1974
Q39U72	unreviewed	Gmet_1973
Q39U73	unreviewed	Gmet_1972
Q39U74	unreviewed	Gmet_1971
Q39U75	unreviewed	Gmet_1970
Q39U76	unreviewed	Gmet_1969
Q39U77	unreviewed	Gmet_1968
Q39U78	unreviewed	Gmet_1967
Q39U79	unreviewed	Gmet_1966
Q39U80	unreviewed	Gmet_1965
Q39U81	unreviewed	Gmet_1964
Q39U82	unreviewed	Gmet_1963
Q39U83	unreviewed	Gmet_1962
Q39U84	unreviewed	Gmet_1961
Q39U86	unreviewed	scpA Gmet_1959
Q39U87	unreviewed	scpB Gmet_1958
Q39U88	unreviewed	Gmet_1957
Q39U89	unreviewed	Gmet_1956
Q39U90	unreviewed	Gmet_1955
Q39U92	unreviewed	Gmet_1953
Q39U94	unreviewed	Gmet_1951
Q39UA1	unreviewed	Gmet_1944
Q39UA3	unreviewed	mscS-1 Gmet_1942
Q39UA5	unreviewed	purQ Gmet_1940
Q39UA8	unreviewed	Gmet_1937
Q39UB0	unreviewed	Gmet_1935
Q39UB2	unreviewed	Gmet_1933
Q39UB3	unreviewed	Gmet_1932
Q39UB4	unreviewed	Gmet_1931
Q39UB7	unreviewed	Gmet_1928
Q39UB8	unreviewed	Gmet_1927
Q39UC0	unreviewed	Gmet_1925
Q39UC1	unreviewed	cbcX Gmet_1924
Q39UC2	unreviewed	cbcW Gmet_1923
Q39UC3	unreviewed	cbcV Gmet_1922
Q39UC5	unreviewed	Gmet_1920
Q39UC6	unreviewed	Gmet_1919
Q39UC7	unreviewed	Gmet_1918
Q39UC8	unreviewed	Gmet_1917
Q39UC9	unreviewed	Gmet_1916
Q39UD0	unreviewed	Gmet_1915
Q39UD1	unreviewed	Gmet_1914
Q39UD6	unreviewed	Gmet_1909
Q39UD8	unreviewed	Gmet_1907
Q39UE1	unreviewed	cysW Gmet_1904
Q39UE2	unreviewed	cysA Gmet_1903
Q39UE4	unreviewed	Gmet_1901
Q39UE5	unreviewed	Gmet_1900
Q39UE6	unreviewed	Gmet_1899
Q39UF0	unreviewed	Gmet_1895
Q39UF1	unreviewed	recC Gmet_1894
Q39UF3	unreviewed	recD Gmet_1892
Q39UF8	unreviewed	Gmet_1887
Q39UG3	unreviewed	Gmet_1882
Q39UG7	unreviewed	Gmet_1878
Q39UG8	unreviewed	Gmet_1877
Q39UH5	unreviewed	Gmet_1870
Q39UH6	unreviewed	Gmet_1869
Q39UH7	unreviewed	Gmet_1868
Q39UH9	unreviewed	Gmet_1866
Q39UI0	unreviewed	pulF Gmet_1865
Q39UI1	unreviewed	pulE Gmet_1864
Q39UI2	unreviewed	pulM Gmet_1863
Q39UI3	unreviewed	pulN Gmet_1862
Q39UI4	unreviewed	pulO Gmet_1861
Q39UI5	unreviewed	pulP Gmet_1860
Q39UI7	unreviewed	pulG Gmet_1858
Q39UI8	unreviewed	oxpG Gmet_1857
Q39UJ1	unreviewed	Gmet_1854
Q39UJ3	unreviewed	Gmet_1852
Q39UJ4	unreviewed	Gmet_1851
Q39UJ5	unreviewed	yibQ Gmet_1850
Q39UJ6	unreviewed	Gmet_1849
Q39UJ8	unreviewed	Gmet_1847
Q39UJ9	unreviewed	ppcE Gmet_1846
Q39UK2	unreviewed	rimI Gmet_1843
Q39UK5	unreviewed	yjeK Gmet_1840
Q39UK6	unreviewed	genX Gmet_1839
Q39UK9	unreviewed	Gmet_1836
Q39UL0	unreviewed	Gmet_1835
Q39UL1	unreviewed	Gmet_1834
Q39UL2	unreviewed	ihfB-1 Gmet_1833
Q39UL3	unreviewed	Gmet_1832
Q39UL4	unreviewed	Gmet_1831
Q39UL5	unreviewed	Gmet_1830
Q39UL6	unreviewed	Gmet_1829
Q39UL7	unreviewed	gppA-1 Gmet_1828
Q39UL9	unreviewed	iorB-1 Gmet_1826
Q39UM1	unreviewed	Gmet_1824
Q39UM2	unreviewed	livK Gmet_1823
Q39UM3	unreviewed	livH Gmet_1822
Q39UM4	unreviewed	livM Gmet_1821
Q39UM6	unreviewed	livF Gmet_1819
Q39UM8	unreviewed	Gmet_1817
Q39UM9	unreviewed	Gmet_1816
Q39UN0	unreviewed	Gmet_1815
Q39UN1	unreviewed	actE Gmet_1814
Q39UN2	unreviewed	actD Gmet_1813
Q39UN3	unreviewed	actC Gmet_1812
Q39UN4	unreviewed	actB2 Gmet_1811
Q39UN5	unreviewed	actB1 Gmet_1810
Q39UN6	unreviewed	actA Gmet_1809
Q39UN7	unreviewed	Gmet_1808
Q39UN8	unreviewed	Gmet_1807
Q39UN9	unreviewed	Gmet_1806
Q39UP0	unreviewed	Gmet_1805
Q39UP2	unreviewed	bamC-2 Gmet_1803
Q39UP3	unreviewed	bamB-2 Gmet_1802
Q39UP4	unreviewed	Gmet_1801
Q39UP5	unreviewed	Gmet_1800
Q39UP8	unreviewed	Gmet_1795
Q39UQ0	unreviewed	Gmet_1793
Q39UQ1	unreviewed	Gmet_1792
Q39UQ2	unreviewed	Gmet_1791
Q39UQ7	unreviewed	Gmet_1786
Q39UQ8	unreviewed	Gmet_1785
Q39UQ9	unreviewed	Gmet_1784
Q39UR0	unreviewed	Gmet_1783
Q39UR1	unreviewed	Gmet_1782
Q39UR2	unreviewed	Gmet_1781
Q39UR4	unreviewed	Gmet_1779
Q39UR7	unreviewed	Gmet_1776
Q39US0	unreviewed	Gmet_1773
Q39US1	unreviewed	Gmet_1772
Q39US9	unreviewed	yhbY Gmet_1764
Q39UT0	unreviewed	Gmet_1763
Q39UT2	unreviewed	Gmet_1761
Q39UT3	unreviewed	Gmet_1760
Q39UT5	unreviewed	Gmet_1758
Q39UT6	unreviewed	Gmet_1757
Q39UT8	unreviewed	Gmet_1755
Q39UT9	unreviewed	Gmet_1754
Q39UU0	unreviewed	Gmet_1753
Q39UU1	unreviewed	Gmet_1752
Q39UU2	unreviewed	ycbK Gmet_1751
Q39UU3	unreviewed	Gmet_1750
Q39UU5	unreviewed	Gmet_1748
Q39UU6	unreviewed	Gmet_1747
Q39UU7	unreviewed	Gmet_1746
Q39UU8	unreviewed	Gmet_1745
Q39UU9	unreviewed	omcI Gmet_1744
Q39UV0	unreviewed	Gmet_1743
Q39UV1	unreviewed	Gmet_1742
Q39UV2	unreviewed	Gmet_1741
Q39UV3	unreviewed	Gmet_1740
Q39UV4	unreviewed	Gmet_1739
Q39UV5	unreviewed	Gmet_1738
Q39UV6	unreviewed	Gmet_1737
Q39UV8	unreviewed	Gmet_1735
Q39UV9	unreviewed	Gmet_1734
Q39UW0	unreviewed	Gmet_1733
Q39UW1	unreviewed	Gmet_1732
Q39UW2	unreviewed	Gmet_1731
Q39UW3	unreviewed	ato-2 Gmet_1730
Q39UW4	unreviewed	Gmet_1729
Q39UW5	unreviewed	Gmet_1728
Q39UW6	unreviewed	Gmet_1727
Q39UW7	unreviewed	yaeQ Gmet_1726
Q39UW9	unreviewed	Gmet_1724
Q39UX0	unreviewed	Gmet_1723
Q39UX2	unreviewed	Gmet_1721
Q39UX3	unreviewed	Gmet_1720
Q39UX4	unreviewed	Gmet_1719
Q39UX6	unreviewed	Gmet_1717
Q39UX7	unreviewed	Gmet_1716
Q39UX8	unreviewed	Gmet_1715
Q39UX9	unreviewed	Gmet_1714
Q39UY0	unreviewed	etfB-7 Gmet_1713
Q39UY1	unreviewed	etfA-7 Gmet_1712
Q39UY2	unreviewed	Gmet_1711
Q39UY3	unreviewed	Gmet_1710
Q39UY4	unreviewed	Gmet_1709
Q39UY5	unreviewed	Gmet_1708
Q39UY7	unreviewed	Gmet_1706
Q39UY8	unreviewed	Gmet_1705
Q39UY9	unreviewed	Gmet_1704
Q39UZ0	unreviewed	Gmet_1703
Q39UZ1	unreviewed	Gmet_1702
Q39UZ2	unreviewed	Gmet_1701
Q39UZ3	unreviewed	Gmet_1700
Q39UZ4	unreviewed	Gmet_1699
Q39UZ5	unreviewed	Gmet_1698
Q39UZ6	unreviewed	fabZ-1 Gmet_1697
Q39UZ7	unreviewed	Gmet_1696
Q39UZ8	unreviewed	fabF-1 Gmet_1695
Q39UZ9	unreviewed	fabG-1 Gmet_1694
Q39V00	unreviewed	Gmet_1693
Q39V01	unreviewed	Gmet_1692
Q39V03	unreviewed	Gmet_1690
Q39V04	unreviewed	acpP-1 Gmet_1689
Q39V05	unreviewed	Gmet_1688
Q39V06	unreviewed	Gmet_1687
Q39V07	unreviewed	Gmet_1686
Q39V08	unreviewed	Gmet_1685
Q39V09	unreviewed	Gmet_1684
Q39V10	unreviewed	Gmet_1315 Gmet_1683 Gmet_2386 Gmet_2507 Gmet_3039 Gmet_3141 Gmet_3183 Gmet_3447
Q39V11	unreviewed	Gmet_1682
Q39V12	unreviewed	Gmet_1681
Q39V13	unreviewed	Gmet_1680
Q39V14	unreviewed	Gmet_1679
Q39V15	unreviewed	Gmet_1678
Q39V16	unreviewed	glpA Gmet_1677
Q39V18	unreviewed	Gmet_1675
Q39V19	unreviewed	Gmet_1674
Q39V20	unreviewed	Gmet_1673
Q39V24	unreviewed	Gmet_1669
Q39V25	unreviewed	Gmet_1668
Q39V27	unreviewed	Gmet_1666
Q39V28	unreviewed	Gmet_1665
Q39V29	unreviewed	Gmet_1664
Q39V30	unreviewed	Gmet_1663
Q39V31	unreviewed	Gmet_1662
Q39V32	unreviewed	Gmet_1661
Q39V33	unreviewed	Gmet_1660
Q39V34	unreviewed	Gmet_1659
Q39V37	unreviewed	Gmet_1656
Q39V38	unreviewed	Gmet_1655
Q39V41	unreviewed	Gmet_1652
Q39V42	unreviewed	Gmet_1651
Q39V43	unreviewed	Gmet_1650
Q39V45	unreviewed	Gmet_1648
Q39V46	unreviewed	Gmet_1647
Q39V48	unreviewed	Gmet_1645
Q39V49	unreviewed	Gmet_1644
Q39V52	unreviewed	mcp40H-1 Gmet_1641
Q39V54	unreviewed	Gmet_1639
Q39V55	unreviewed	Gmet_1638
Q39V57	unreviewed	Gmet_1636
Q39V58	unreviewed	Gmet_1635
Q39V59	unreviewed	Gmet_1634
Q39V60	unreviewed	Gmet_1633
Q39V61	unreviewed	Gmet_1632
Q39V63	unreviewed	Gmet_1630
Q39V71	unreviewed	Gmet_1622
Q39V72	unreviewed	Gmet_1621
Q39V73	unreviewed	Gmet_1620
Q39V75	unreviewed	Gmet_1618
Q39V76	unreviewed	Gmet_1617
Q39V77	unreviewed	Gmet_1616
Q39V78	unreviewed	Gmet_1615
Q39V79	unreviewed	Gmet_1614
Q39V80	unreviewed	Gmet_1613
Q39V81	unreviewed	Gmet_1612
Q39V82	unreviewed	Gmet_1611
Q39V83	unreviewed	Gmet_1610
Q39V84	unreviewed	hup-2 Gmet_1608
Q39V85	unreviewed	cheY-4 Gmet_1607
Q39V86	unreviewed	cheX-4 Gmet_1606
Q39V88	unreviewed	rpiB-1 Gmet_1604
Q39V96	unreviewed	Gmet_1596
Q39V97	unreviewed	yrdC Gmet_1595
Q39V98	unreviewed	Gmet_1594
Q39VA0	unreviewed	Gmet_1592
Q39VA4	unreviewed	Gmet_1588
Q39VA7	unreviewed	ylxRQ Gmet_1585
Q39VB4	unreviewed	ccaA Gmet_1578
Q39VB5	unreviewed	Gmet_1577
Q39VB6	unreviewed	Gmet_1576
Q39VB7	unreviewed	Gmet_1575
Q39VB8	unreviewed	Gmet_1574
Q39VB9	unreviewed	cobA Gmet_1573
Q39VC0	unreviewed	Gmet_1572
Q39VC1	unreviewed	tusA-1 Gmet_1571
Q39VC2	unreviewed	Gmet_1570
Q39VC3	unreviewed	Gmet_1569
Q39VC4	unreviewed	thiF-2 Gmet_1568
Q39VC5	unreviewed	thiS-2 Gmet_1567
Q39VC6	unreviewed	metY-3 Gmet_1566
Q39VC7	unreviewed	Gmet_1565
Q39VC9	unreviewed	Gmet_1561
Q39VD0	unreviewed	Gmet_1560
Q39VD1	unreviewed	Gmet_1559
Q39VD3	unreviewed	Gmet_1557
Q39VD4	unreviewed	Gmet_1556
Q39VD5	unreviewed	Gmet_1555
Q39VD6	unreviewed	Gmet_1554
Q39VD7	unreviewed	Gmet_1553
Q39VD8	unreviewed	Gmet_1552
Q39VD9	unreviewed	Gmet_1551
Q39VE1	unreviewed	Gmet_1549
Q39VE2	unreviewed	Gmet_1548
Q39VE3	unreviewed	Gmet_1547
Q39VE4	unreviewed	Gmet_1546
Q39VE5	unreviewed	Gmet_1545
Q39VE6	unreviewed	Gmet_1544
Q39VE7	unreviewed	Gmet_1543
Q39VE8	unreviewed	Gmet_1542
Q39VE9	unreviewed	bssD Gmet_1541
Q39VF0	unreviewed	bssC Gmet_1540
Q39VF1	unreviewed	bssA Gmet_1539
Q39VF2	unreviewed	bssB Gmet_1538
Q39VF3	unreviewed	Gmet_1537
Q39VF4	unreviewed	Gmet_1536
Q39VF5	unreviewed	Gmet_1535
Q39VF6	unreviewed	Gmet_1534
Q39VF7	unreviewed	Gmet_1533
Q39VF8	unreviewed	Gmet_1532
Q39VF9	unreviewed	bbsD Gmet_1531
Q39VG0	unreviewed	bbsC Gmet_1530
Q39VG1	unreviewed	bbsB Gmet_1529
Q39VG2	unreviewed	bbsA Gmet_1528
Q39VG3	unreviewed	Gmet_1527
Q39VG4	unreviewed	etfA-5 Gmet_1526
Q39VG5	unreviewed	etfB-5 Gmet_1525
Q39VG6	unreviewed	bbsH Gmet_1524
Q39VG7	unreviewed	bbsG Gmet_1523
Q39VG8	unreviewed	bbsF Gmet_1522
Q39VG9	unreviewed	bbsE Gmet_1521
Q39VH0	unreviewed	Gmet_1520
Q39VH1	unreviewed	Gmet_1519
Q39VH2	unreviewed	lolD-2 Gmet_1518
Q39VH3	unreviewed	lolE-2 Gmet_1517
Q39VH4	unreviewed	Gmet_1516
Q39VH5	unreviewed	Gmet_1515
Q39VH6	unreviewed	Gmet_1514
Q39VH7	unreviewed	Gmet_1513
Q39VH8	unreviewed	Gmet_1512
Q39VH9	unreviewed	Gmet_1511
Q39VI0	unreviewed	Gmet_1510
Q39VI1	unreviewed	Gmet_1509
Q39VI2	unreviewed	Gmet_1508
Q39VI3	unreviewed	Gmet_1507
Q39VI4	unreviewed	Gmet_1506
Q39VI6	unreviewed	Gmet_1504
Q39VI7	unreviewed	epsHI Gmet_1503
Q39VI8	unreviewed	Gmet_1502
Q39VI9	unreviewed	Gmet_1501
Q39VJ0	unreviewed	Gmet_1500
Q39VJ1	unreviewed	Gmet_1499
Q39VJ2	unreviewed	Gmet_1498
Q39VJ3	unreviewed	Gmet_1497
Q39VJ4	unreviewed	Gmet_1496
Q39VJ5	unreviewed	Gmet_1495
Q39VJ6	unreviewed	Gmet_1494
Q39VJ7	unreviewed	Gmet_1493
Q39VJ8	unreviewed	Gmet_1492
Q39VJ9	unreviewed	Gmet_1491
Q39VK0	unreviewed	Gmet_1490
Q39VK1	unreviewed	Gmet_1489
Q39VK5	unreviewed	Gmet_1485
Q39VK6	unreviewed	Gmet_1484
Q39VK7	unreviewed	Gmet_1483
Q39VK8	unreviewed	Gmet_1482
Q39VK9	unreviewed	Gmet_1481
Q39VL0	unreviewed	Gmet_1480
Q39VL1	unreviewed	Gmet_1479
Q39VL2	unreviewed	Gmet_1478
Q39VL3	unreviewed	Gmet_1477
Q39VL4	unreviewed	Gmet_1476
Q39VL5	unreviewed	Gmet_1475
Q39VL6	unreviewed	Gmet_1474
Q39VL7	unreviewed	Gmet_1473
Q39VL8	unreviewed	Gmet_1472
Q39VL9	unreviewed	Gmet_1471
Q39VM0	unreviewed	Gmet_1470
Q39VM1	unreviewed	Gmet_1469
Q39VM2	unreviewed	Gmet_1468
Q39VM3	unreviewed	Gmet_1467
Q39VM4	unreviewed	Gmet_1466
Q39VM5	unreviewed	Gmet_1465
Q39VM6	unreviewed	Gmet_1464
Q39VM7	unreviewed	Gmet_1463
Q39VM8	unreviewed	Gmet_1462
Q39VM9	unreviewed	Gmet_1461
Q39VN0	unreviewed	Gmet_1460
Q39VN1	unreviewed	Gmet_1459
Q39VN2	unreviewed	Gmet_1458
Q39VN3	unreviewed	Gmet_1457
Q39VN5	unreviewed	Gmet_1455
Q39VN6	unreviewed	Gmet_1454
Q39VN8	unreviewed	Gmet_1452
Q39VN9	unreviewed	Gmet_1451
Q39VP0	unreviewed	Gmet_1450
Q39VP2	unreviewed	Gmet_1448
Q39VP3	unreviewed	Gmet_1447
Q39VP4	unreviewed	Gmet_1446
Q39VP5	unreviewed	Gmet_1445
Q39VP6	unreviewed	Gmet_1444
Q39VP7	unreviewed	Gmet_1443
Q39VP8	unreviewed	Gmet_1442
Q39VQ0	unreviewed	Gmet_1440
Q39VQ2	unreviewed	Gmet_1438
Q39VQ3	unreviewed	Gmet_1437
Q39VQ4	unreviewed	Gmet_1436
Q39VQ5	unreviewed	Gmet_1435
Q39VQ7	unreviewed	Gmet_1433
Q39VQ8	unreviewed	divIC Gmet_1432
Q39VR1	unreviewed	Gmet_1429
Q39VR2	unreviewed	Gmet_1428
Q39VR5	unreviewed	Gmet_1425
Q39VR7	unreviewed	Gmet_1423
Q39VR9	unreviewed	rpoS Gmet_1421
Q39VS2	unreviewed	Gmet_1418
Q39VT0	unreviewed	Gmet_1410
Q39VT1	unreviewed	Gmet_1409
Q39VT2	unreviewed	Gmet_1408
Q39VT3	unreviewed	Gmet_1407
Q39VT5	unreviewed	Gmet_1405
Q39VT6	unreviewed	Gmet_1404
Q39VT7	unreviewed	Gmet_1403
Q39VT8	unreviewed	Gmet_1402
Q39VT9	unreviewed	Gmet_1401
Q39VU0	unreviewed	pilA-C Gmet_1400
Q39VU1	unreviewed	pilA-N Gmet_1399
Q39VU3	unreviewed	pilR Gmet_1397
Q39VU5	unreviewed	pilC Gmet_1395
Q39VU6	unreviewed	pilT-4 Gmet_1394
Q39VU9	unreviewed	Gmet_1391
Q39VV0	unreviewed	Gmet_1390
Q39VV1	unreviewed	Gmet_1389
Q39VV5	unreviewed	Gmet_1385
Q39VV6	unreviewed	ccdA-2 Gmet_1384
Q39VV7	unreviewed	Gmet_1383
Q39VV8	unreviewed	Gmet_1382
Q39VW0	unreviewed	dsbA Gmet_1380
Q39VW1	unreviewed	Gmet_1379
Q39VW2	unreviewed	Gmet_1378
Q39VW3	unreviewed	Gmet_1377
Q39VW4	unreviewed	Gmet_1376
Q39VW5	unreviewed	Gmet_1375
Q39VW6	unreviewed	Gmet_1374
Q39VW7	unreviewed	Gmet_1373
Q39VW8	unreviewed	Gmet_1372
Q39VW9	unreviewed	Gmet_1371
Q39VX0	unreviewed	Gmet_1370
Q39VX2	unreviewed	Gmet_1368
Q39VX3	unreviewed	Gmet_1367
Q39VX4	unreviewed	Gmet_1366
Q39VX5	unreviewed	Gmet_1365
Q39VX6	unreviewed	korC Gmet_1364
Q39VX7	unreviewed	korB Gmet_1363
Q39VX8	unreviewed	korA Gmet_1362
Q39VX9	unreviewed	korD Gmet_1361
Q39VY2	unreviewed	Gmet_1358
Q39VY4	unreviewed	rlmB Gmet_1356
Q39VZ0	unreviewed	Gmet_1350
Q39VZ1	unreviewed	hrpB Gmet_1349
Q39VZ2	unreviewed	Gmet_1348
Q39VZ3	unreviewed	Gmet_1347
Q39VZ4	unreviewed	Gmet_1346
Q39VZ5	unreviewed	Gmet_1345
Q39VZ6	unreviewed	Gmet_1344
Q39VZ7	unreviewed	Gmet_1343
Q39VZ8	unreviewed	Gmet_1341
Q39VZ9	unreviewed	Gmet_1340
Q39W00	unreviewed	Gmet_1339
Q39W01	unreviewed	Gmet_1338
Q39W02	unreviewed	Gmet_1337
Q39W03	unreviewed	Gmet_1336
Q39W04	unreviewed	Gmet_1335
Q39W05	unreviewed	Gmet_1334
Q39W07	unreviewed	Gmet_1332
Q39W08	unreviewed	Gmet_1331
Q39W09	unreviewed	Gmet_1330
Q39W10	unreviewed	Gmet_1329
Q39W11	unreviewed	Gmet_1328
Q39W12	unreviewed	Gmet_1327
Q39W13	unreviewed	Gmet_1326
Q39W14	unreviewed	fdtB Gmet_1325
Q39W15	unreviewed	fdtA fdtC Gmet_1324
Q39W16	unreviewed	Gmet_1323
Q39W17	unreviewed	Gmet_1322
Q39W18	unreviewed	Gmet_1321
Q39W19	unreviewed	Gmet_1320
Q39W20	unreviewed	Gmet_1319
Q39W21	unreviewed	Gmet_1317
Q39W22	unreviewed	Gmet_1316
Q39W24	unreviewed	Gmet_1314
Q39W25	unreviewed	Gmet_1313
Q39W28	unreviewed	Gmet_0323 Gmet_1310 Gmet_2515 Gmet_3527
Q39W29	unreviewed	vorC Gmet_1309
Q39W30	unreviewed	vorB Gmet_1308
Q39W31	unreviewed	vorA Gmet_1307
Q39W32	unreviewed	vorD Gmet_1306
Q39W33	unreviewed	Gmet_1305
Q39W36	unreviewed	Gmet_1302
Q39W37	unreviewed	Gmet_1301
Q39W39	unreviewed	Gmet_1299
Q39W40	unreviewed	Gmet_1298
Q39W42	unreviewed	Gmet_1296
Q39W43	unreviewed	pepF Gmet_1295
Q39W45	unreviewed	Gmet_1293
Q39W47	unreviewed	Gmet_1291
Q39W50	unreviewed	ptsH Gmet_1288
Q39W51	unreviewed	Gmet_1287
Q39W56	unreviewed	lptB Gmet_1282
Q39W57	unreviewed	lptA Gmet_1281
Q39W58	unreviewed	lptC Gmet_1280
Q39W64	unreviewed	Gmet_1274
Q39W65	unreviewed	Gmet_1273
Q39W66	unreviewed	Gmet_1272
Q39W67	unreviewed	Gmet_1271
Q39W68	unreviewed	Gmet_1270
Q39W69	unreviewed	leuD Gmet_1269
Q39W71	unreviewed	Gmet_1267
Q39W72	unreviewed	Gmet_1266
Q39W80	unreviewed	yeaZ Gmet_1258
Q39W89	unreviewed	lptF Gmet_1249
Q39W90	unreviewed	lptG Gmet_1248
Q39W91	unreviewed	Gmet_1247
Q39W92	unreviewed	Gmet_1246
Q39W93	unreviewed	Gmet_1245
Q39W94	unreviewed	Gmet_1244
Q39W97	unreviewed	frx-1 Gmet_1241
Q39W98	unreviewed	Gmet_1240
Q39W99	unreviewed	Gmet_1239
Q39WA0	unreviewed	Gmet_1238
Q39WA1	unreviewed	Gmet_1237
Q39WA2	unreviewed	Gmet_1236
Q39WA3	unreviewed	Gmet_1235
Q39WA4	unreviewed	Gmet_1234
Q39WA5	unreviewed	Gmet_1233
Q39WA6	unreviewed	Gmet_1232
Q39WA7	unreviewed	Gmet_1231
Q39WA8	unreviewed	Gmet_1230
Q39WB1	unreviewed	Gmet_1226
Q39WB2	unreviewed	hinT Gmet_1225
Q39WB3	unreviewed	sbcC Gmet_1224
Q39WB4	unreviewed	sbcD Gmet_1223
Q39WB5	unreviewed	Gmet_1222
Q39WB6	unreviewed	Gmet_1221
Q39WB7	unreviewed	Gmet_1220
Q39WB9	unreviewed	Gmet_1218
Q39WC3	unreviewed	Gmet_1214
Q39WC4	unreviewed	Gmet_1213
Q39WC6	unreviewed	gapB Gmet_1211
Q39WC7	unreviewed	Gmet_1210
Q39WC8	unreviewed	Gmet_1209
Q39WC9	unreviewed	Gmet_1208
Q39WD0	unreviewed	Gmet_1207
Q39WD2	unreviewed	lrgA Gmet_1205
Q39WD3	unreviewed	lrgB Gmet_1204
Q39WD4	unreviewed	Gmet_1203
Q39WD5	unreviewed	Gmet_1202
Q39WD6	unreviewed	Gmet_1201
Q39WD8	unreviewed	Gmet_1199
Q39WD9	unreviewed	Gmet_1198
Q39WE0	unreviewed	Gmet_1197
Q39WE1	unreviewed	Gmet_1196
Q39WE2	unreviewed	Gmet_1195
Q39WE3	unreviewed	Gmet_1194
Q39WE4	unreviewed	Gmet_1193
Q39WE5	unreviewed	Gmet_1192
Q39WE6	unreviewed	Gmet_1191
Q39WE7	unreviewed	Gmet_1190
Q39WE9	unreviewed	Gmet_1188
Q39WF0	unreviewed	Gmet_1187
Q39WF3	unreviewed	Gmet_1184
Q39WF5	unreviewed	Gmet_1181
Q39WF8	unreviewed	zapA Gmet_1178
Q39WF9	unreviewed	zapB Gmet_1177
Q39WG1	unreviewed	Gmet_1175
Q39WG3	unreviewed	Gmet_1173
Q39WG4	unreviewed	Gmet_1172
Q39WG5	unreviewed	Gmet_1171
Q39WG7	unreviewed	Gmet_1169
Q39WH0	unreviewed	Gmet_1166
Q39WH1	unreviewed	Gmet_1165
Q39WH2	unreviewed	Gmet_1164
Q39WH3	unreviewed	Gmet_1163
Q39WH5	unreviewed	Gmet_1161
Q39WI1	unreviewed	Gmet_1155
Q39WI2	unreviewed	Gmet_1154
Q39WI3	unreviewed	Gmet_1153
Q39WI4	unreviewed	Gmet_1152
Q39WI5	unreviewed	Gmet_1151
Q39WI6	unreviewed	Gmet_1150
Q39WI7	unreviewed	Gmet_1149
Q39WI8	unreviewed	Gmet_1148
Q39WI9	unreviewed	Gmet_1147
Q39WJ0	unreviewed	Gmet_1146
Q39WJ1	unreviewed	Gmet_1145
Q39WJ2	unreviewed	Gmet_1144
Q39WJ4	unreviewed	Gmet_1142
Q39WJ5	unreviewed	Gmet_1141
Q39WJ6	unreviewed	Gmet_1140
Q39WJ7	unreviewed	Gmet_1139
Q39WJ8	unreviewed	Gmet_1138
Q39WJ9	unreviewed	Gmet_1137
Q39WK0	unreviewed	Gmet_1136
Q39WK1	unreviewed	Gmet_1135
Q39WK2	unreviewed	Gmet_1134
Q39WK3	unreviewed	Gmet_1133
Q39WK4	unreviewed	Gmet_1132
Q39WK5	unreviewed	Gmet_1131
Q39WK6	unreviewed	Gmet_1130
Q39WK7	unreviewed	Gmet_1129
Q39WK8	unreviewed	Gmet_1128
Q39WL0	unreviewed	Gmet_1126
Q39WL1	unreviewed	Gmet_1125
Q39WL3	unreviewed	prpD Gmet_1123
Q39WL5	unreviewed	Gmet_1121
Q39WL6	unreviewed	Gmet_1120
Q39WL7	unreviewed	Gmet_0321 Gmet_1118 Gmet_1789 Gmet_2272 Gmet_2539 Gmet_2586 Gmet_2797 Gmet_3282
Q39WL8	unreviewed	Gmet_0320 Gmet_1117 Gmet_1788 Gmet_2273 Gmet_2538 Gmet_2587 Gmet_2796 Gmet_3281
Q39WL9	unreviewed	Gmet_1115
Q39WM0	unreviewed	Gmet_1114
Q39WM1	unreviewed	hoxL Gmet_1113
Q39WM2	unreviewed	hoxS Gmet_1112
Q39WM3	unreviewed	hoxU Gmet_1111
Q39WM4	unreviewed	hoxF Gmet_1110
Q39WM5	unreviewed	hoxE Gmet_1109
Q39WM6	unreviewed	Gmet_1108
Q39WM7	unreviewed	Gmet_1107
Q39WM8	unreviewed	Gmet_1106
Q39WM9	unreviewed	Gmet_1105
Q39WN0	unreviewed	Gmet_1104
Q39WN2	unreviewed	Gmet_1102
Q39WN3	unreviewed	Gmet_1101
Q39WN4	unreviewed	Gmet_1100
Q39WN6	unreviewed	Gmet_1098
Q39WN7	unreviewed	Gmet_1097
Q39WN8	unreviewed	Gmet_1096
Q39WN9	unreviewed	Gmet_1095
Q39WP0	unreviewed	cccA Gmet_1094
Q39WP1	unreviewed	Gmet_1093
Q39WP2	unreviewed	Gmet_1092
Q39WP3	unreviewed	Gmet_1091
Q39WP4	unreviewed	Gmet_1090
Q39WP6	unreviewed	Gmet_1088
Q39WP7	unreviewed	Gmet_1087
Q39WP8	unreviewed	Gmet_1086
Q39WP9	unreviewed	yedF Gmet_1085
Q39WQ0	unreviewed	Gmet_1084
Q39WQ1	unreviewed	Gmet_1083
Q39WQ2	unreviewed	Gmet_1082
Q39WQ3	unreviewed	Gmet_1081
Q39WQ5	unreviewed	cheW36H Gmet_1079
Q39WQ7	unreviewed	cheR36H Gmet_1077
Q39WR0	unreviewed	Gmet_1074
Q39WR3	unreviewed	Gmet_1071
Q39WR5	unreviewed	Gmet_0283 Gmet_1069 Gmet_2091 Gmet_2240 Gmet_2488 Gmet_2883
Q39WR6	unreviewed	Gmet_1068
Q39WR7	unreviewed	csd2 Gmet_1067
Q39WR8	unreviewed	csd1 Gmet_1066
Q39WS6	unreviewed	Gmet_1058
Q39WS8	unreviewed	Gmet_1056
Q39WS9	unreviewed	Gmet_1055
Q39WT0	unreviewed	Gmet_1054
Q39WT1	unreviewed	Gmet_1053
Q39WT2	unreviewed	Gmet_1052
Q39WT3	unreviewed	Gmet_1051
Q39WT4	unreviewed	Gmet_1050
Q39WT5	unreviewed	Gmet_1049
Q39WT6	unreviewed	Gmet_1048
Q39WT7	unreviewed	Gmet_1047
Q39WT8	unreviewed	Gmet_1046
Q39WT9	unreviewed	aorA Gmet_1045
Q39WU0	unreviewed	moaD Gmet_1044
Q39WU1	unreviewed	moeB Gmet_1043
Q39WU2	unreviewed	Gmet_1042
Q39WU3	unreviewed	tupA Gmet_1041
Q39WU4	unreviewed	tupB Gmet_1040
Q39WU5	unreviewed	tupC Gmet_1039
Q39WV1	unreviewed	frx-2 Gmet_1033
Q39WV2	unreviewed	Gmet_1032
Q39WV3	unreviewed	Gmet_1031
Q39WV4	unreviewed	Gmet_1030
Q39WV6	unreviewed	Gmet_1027
Q39WV7	unreviewed	Gmet_1026
Q39WV8	unreviewed	Gmet_1025
Q39WV9	unreviewed	Gmet_1024
Q39WW3	unreviewed	narC-2 Gmet_1019
Q39WW4	unreviewed	Gmet_1018
Q39WW5	unreviewed	Gmet_1017
Q39WW7	unreviewed	Gmet_1015
Q39WW8	unreviewed	degP-2 Gmet_1014
Q39WW9	unreviewed	Gmet_1013
Q39WX0	unreviewed	Gmet_1012
Q39WX1	unreviewed	Gmet_1011
Q39WX2	unreviewed	Gmet_1010
Q39WX3	unreviewed	Gmet_1009
Q39WX4	unreviewed	Gmet_1008
Q39WX5	unreviewed	Gmet_1007
Q39WX6	unreviewed	Gmet_1006
Q39WX8	unreviewed	fdhE Gmet_1004
Q39WX9	unreviewed	Gmet_1003
Q39WY1	unreviewed	Gmet_1001
Q39WY2	unreviewed	Gmet_1000
Q39WY3	unreviewed	Gmet_0999
Q39WY4	unreviewed	Gmet_0998
Q39WY5	unreviewed	Gmet_0997
Q39WY6	unreviewed	Gmet_0996
Q39WY7	unreviewed	Gmet_0995
Q39WY8	unreviewed	Gmet_0994
Q39WY9	unreviewed	Gmet_0993
Q39WZ2	unreviewed	Gmet_0990
Q39WZ3	unreviewed	Gmet_0989
Q39WZ4	unreviewed	Gmet_0988
Q39WZ5	unreviewed	Gmet_0987
Q39X00	unreviewed	Gmet_0982
Q39X02	unreviewed	Gmet_0980
Q39X03	unreviewed	Gmet_0979
Q39X08	unreviewed	pilP Gmet_0974
Q39X09	unreviewed	pilO Gmet_0973
Q39X10	unreviewed	pilN Gmet_0972
Q39X11	unreviewed	pilM Gmet_0971
Q39X12	unreviewed	Gmet_0970
Q39X13	unreviewed	Gmet_0969
Q39X14	unreviewed	Gmet_0968
Q39X15	unreviewed	pilY1-2 Gmet_0967
Q39X16	unreviewed	pilX-2 Gmet_0966
Q39X17	unreviewed	pilW-2 Gmet_0965
Q39X18	unreviewed	pilV-2 Gmet_0964
Q39X19	unreviewed	fimU Gmet_0963
Q39X20	unreviewed	pilE Gmet_0962
Q39X21	unreviewed	Gmet_0961
Q39X25	unreviewed	Gmet_0957
Q39X27	unreviewed	Gmet_0955
Q39X28	unreviewed	Gmet_0954
Q39X29	unreviewed	Gmet_0953
Q39X32	unreviewed	paaK-3 Gmet_0950
Q39X33	unreviewed	iorB-2 Gmet_0949
Q39X35	unreviewed	Gmet_0947
Q39X36	unreviewed	argA Gmet_0946
Q39X37	unreviewed	Gmet_0945
Q39X38	unreviewed	Gmet_0944
Q39X39	unreviewed	Gmet_0943
Q39X45	unreviewed	Gmet_0937
Q39X46	unreviewed	Gmet_0936
Q39X48	unreviewed	Gmet_0934
Q39X49	unreviewed	Gmet_0933
Q39X50	unreviewed	Gmet_0932
Q39X52	unreviewed	omcZ Gmet_0930
Q39X55	unreviewed	mreD Gmet_0927
Q39X57	unreviewed	Gmet_0925
Q39X61	unreviewed	Gmet_0921
Q39X63	unreviewed	Gmet_0919
Q39X65	unreviewed	Gmet_0917
Q39X67	unreviewed	Gmet_0915
Q39X68	unreviewed	Gmet_0914
Q39X69	unreviewed	Gmet_0913
Q39X70	unreviewed	Gmet_0912
Q39X71	unreviewed	Gmet_0911
Q39X72	unreviewed	Gmet_0910
Q39X73	unreviewed	Gmet_0909
Q39X74	unreviewed	Gmet_0908
Q39X75	unreviewed	Gmet_0907
Q39X76	unreviewed	Gmet_0906
Q39X77	unreviewed	Gmet_0905
Q39X80	unreviewed	Gmet_0902
Q39X81	unreviewed	puuR Gmet_0901
Q39X84	unreviewed	Gmet_0898
Q39X85	unreviewed	Gmet_0897
Q39X88	unreviewed	Gmet_0894
Q39X90	unreviewed	Gmet_0892
Q39X92	unreviewed	dprA Gmet_0890
Q39X93	unreviewed	Gmet_0889
Q39X94	unreviewed	Gmet_0888
Q39X95	unreviewed	arnT Gmet_0887
Q39X96	unreviewed	arnB Gmet_0886
Q39X97	unreviewed	arnC Gmet_0885
Q39X98	unreviewed	arnG Gmet_0884
Q39X99	unreviewed	arnA Gmet_0883
Q39XA0	unreviewed	arnD Gmet_0882
Q39XA1	unreviewed	Gmet_0881
Q39XA2	unreviewed	gppA-2 Gmet_0880
Q39XA3	unreviewed	Gmet_0879
Q39XA4	unreviewed	sixA Gmet_0878
Q39XA5	unreviewed	Gmet_0877
Q39XA6	unreviewed	Gmet_0876
Q39XB0	unreviewed	nifS-2 Gmet_0872
Q39XB1	unreviewed	iscR-2 Gmet_0871
Q39XB3	unreviewed	Gmet_0869
Q39XB4	unreviewed	ihfB-2 Gmet_0868
Q39XB5	unreviewed	rpsA Gmet_0867
Q39XB9	unreviewed	tyrA Gmet_0863
Q39XC1	unreviewed	Gmet_0861
Q39XC2	unreviewed	Gmet_0860
Q39XC3	unreviewed	Gmet_0859
Q39XC4	unreviewed	fieF Gmet_0858
Q39XC5	unreviewed	recJ Gmet_0857
Q39XC6	unreviewed	Gmet_0856
Q39XC9	unreviewed	yajC Gmet_0853
Q39XD2	unreviewed	Gmet_0850
Q39XD3	unreviewed	Gmet_0849
Q39XD4	unreviewed	Gmet_0848
Q39XD5	unreviewed	Gmet_0847
Q39XD6	unreviewed	Gmet_0846
Q39XD7	unreviewed	Gmet_0845
Q39XD9	unreviewed	bioH Gmet_0843
Q39XE1	unreviewed	Gmet_0841
Q39XE2	unreviewed	Gmet_0840
Q39XE3	unreviewed	Gmet_0839
Q39XE4	unreviewed	Gmet_0838
Q39XE5	unreviewed	Gmet_0837
Q39XE6	unreviewed	Gmet_0836
Q39XE7	unreviewed	Gmet_0835
Q39XE8	unreviewed	Gmet_0834
Q39XE9	unreviewed	Gmet_0833
Q39XF0	unreviewed	Gmet_0832
Q39XF1	unreviewed	Gmet_0831
Q39XF2	unreviewed	Gmet_0830
Q39XF3	unreviewed	Gmet_0829
Q39XF4	unreviewed	Gmet_0828
Q39XF5	unreviewed	Gmet_0827
Q39XF6	unreviewed	Gmet_0826
Q39XF7	unreviewed	Gmet_0825
Q39XF8	unreviewed	Gmet_0824
Q39XF9	unreviewed	Gmet_0823
Q39XG1	unreviewed	mcp40H-6 Gmet_0821
Q39XG2	unreviewed	Gmet_0820
Q39XG3	unreviewed	metY-2 Gmet_0819
Q39XG4	unreviewed	Gmet_0818
Q39XG5	unreviewed	Gmet_0817
Q39XG7	unreviewed	Gmet_0815
Q39XG8	unreviewed	Gmet_0814
Q39XG9	unreviewed	nfeD Gmet_0813
Q39XH0	unreviewed	Gmet_0812
Q39XH1	unreviewed	Gmet_0811
Q39XH2	unreviewed	acrB Gmet_0810
Q39XH3	unreviewed	acrA Gmet_0809
Q39XH4	unreviewed	Gmet_0808
Q39XH5	unreviewed	Gmet_0807
Q39XH6	unreviewed	Gmet_0806
Q39XH7	unreviewed	Gmet_0805
Q39XH8	unreviewed	acuI Gmet_0804
Q39XH9	unreviewed	Gmet_0803
Q39XI0	unreviewed	Gmet_0802
Q39XI1	unreviewed	phnA Gmet_0801
Q39XI2	unreviewed	Gmet_0443 Gmet_0800 Gmet_1977 Gmet_2166 Gmet_2284 Gmet_2376 Gmet_2840 Gmet_3102 Gmet_3396
Q39XI3	unreviewed	mcp40H-18 Gmet_0799
Q39XI4	unreviewed	Gmet_0798
Q39XI5	unreviewed	Gmet_0797
Q39XI6	unreviewed	Gmet_0796
Q39XI7	unreviewed	Gmet_0795
Q39XI9	unreviewed	Gmet_0793
Q39XJ0	unreviewed	Gmet_0792
Q39XJ1	unreviewed	Gmet_0791
Q39XJ2	unreviewed	Gmet_0790
Q39XJ3	unreviewed	Gmet_0789
Q39XJ4	unreviewed	Gmet_0788
Q39XJ5	unreviewed	Gmet_0787
Q39XJ6	unreviewed	Gmet_0786
Q39XJ7	unreviewed	Gmet_0785
Q39XJ8	unreviewed	Gmet_0784
Q39XJ9	unreviewed	Gmet_0783
Q39XK0	unreviewed	Gmet_0782
Q39XK1	unreviewed	Gmet_0781
Q39XK3	unreviewed	Gmet_0779
Q39XK4	unreviewed	cheY-11 Gmet_0778
Q39XK6	unreviewed	Gmet_0776
Q39XK7	unreviewed	Gmet_0775
Q39XK8	unreviewed	Gmet_0774
Q39XK9	unreviewed	Gmet_0773
Q39XL0	unreviewed	fxsA Gmet_0772
Q39XL3	unreviewed	Gmet_0769
Q39XL5	unreviewed	Gmet_0767
Q39XL6	unreviewed	Gmet_0766
Q39XL7	unreviewed	Gmet_0765
Q39XL8	unreviewed	Gmet_0764
Q39XL9	unreviewed	Gmet_0763
Q39XM0	unreviewed	Gmet_0762
Q39XM1	unreviewed	Gmet_0761
Q39XM2	unreviewed	Gmet_0760
Q39XM3	unreviewed	Gmet_0759
Q39XM4	unreviewed	Gmet_0758
Q39XM5	unreviewed	Gmet_0757
Q39XM7	unreviewed	Gmet_0755
Q39XM8	unreviewed	Gmet_0754
Q39XM9	unreviewed	Gmet_0753
Q39XN1	unreviewed	Gmet_0751
Q39XN2	unreviewed	fnr-2 Gmet_0750
Q39XN3	unreviewed	Gmet_0749
Q39XN4	unreviewed	Gmet_0748
Q39XN5	unreviewed	hda Gmet_0747
Q39XP0	unreviewed	Gmet_0742
Q39XP1	unreviewed	Gmet_0741
Q39XP2	unreviewed	Gmet_0740
Q39XP4	unreviewed	Gmet_0738
Q39XP5	unreviewed	pilY1-1 Gmet_0737
Q39XP6	unreviewed	pilX-1 Gmet_0736
Q39XP7	unreviewed	pilW-1 Gmet_0735
Q39XP8	unreviewed	pilV-1 Gmet_0734
Q39XP9	unreviewed	Gmet_0733
Q39XQ0	unreviewed	Gmet_0732
Q39XQ4	unreviewed	Gmet_0728
Q39XQ5	unreviewed	Gmet_0727
Q39XQ6	unreviewed	Gmet_0726
Q39XQ7	unreviewed	Gmet_0725
Q39XQ8	unreviewed	Gmet_0724
Q39XR0	unreviewed	Gmet_0722
Q39XR1	unreviewed	Gmet_0721
Q39XR2	unreviewed	Gmet_0720
Q39XR3	unreviewed	Gmet_0719
Q39XR4	unreviewed	Gmet_0718
Q39XR5	unreviewed	Gmet_0717
Q39XR6	unreviewed	Gmet_0716
Q39XR7	unreviewed	Gmet_0715
Q39XS0	unreviewed	mcp40H-4 Gmet_0712
Q39XS1	unreviewed	aguA Gmet_0711
Q39XS2	unreviewed	aguB Gmet_0710
Q39XS3	unreviewed	Gmet_0709
Q39XS6	unreviewed	Gmet_0706
Q39XS7	unreviewed	Gmet_0705
Q39XS8	unreviewed	Gmet_0704
Q39XS9	unreviewed	Gmet_0703
Q39XT0	unreviewed	Gmet_0702
Q39XT2	unreviewed	Gmet_0700
Q39XT3	unreviewed	metC-2 Gmet_0699
Q39XT6	unreviewed	gnfK Gmet_0696
Q39XT9	unreviewed	Gmet_0693
Q39XU1	unreviewed	Gmet_0691
Q39XU2	unreviewed	Gmet_0690
Q39XU3	unreviewed	Gmet_0689
Q39XU4	unreviewed	Gmet_0688
Q39XU5	unreviewed	Gmet_0687
Q39XU6	unreviewed	Gmet_0686
Q39XU7	unreviewed	Gmet_0685
Q39XU8	unreviewed	etfA-1 Gmet_0684
Q39XU9	unreviewed	etfB-1 Gmet_0683
Q39XV0	unreviewed	Gmet_0682
Q39XV1	unreviewed	Gmet_0681
Q39XV2	unreviewed	draG Gmet_0680
Q39XV3	unreviewed	Gmet_0679
Q39XV4	unreviewed	Gmet_0678
Q39XV5	unreviewed	Gmet_0677
Q39XV6	unreviewed	Gmet_0676
Q39XV7	unreviewed	Gmet_0675
Q39XV8	unreviewed	draT Gmet_0674
Q39XV9	unreviewed	nifB Gmet_0673
Q39XW0	unreviewed	fdxN Gmet_0672
Q39XW1	unreviewed	nifX Gmet_0671
Q39XW4	unreviewed	Gmet_0668
Q39XW5	unreviewed	Gmet_0667
Q39XW7	unreviewed	Gmet_0665
Q39XX2	unreviewed	gnfR Gmet_0660
Q39XX3	unreviewed	ybhG-1 Gmet_0659
Q39XX4	unreviewed	ybhF-N1 Gmet_0658
Q39XX5	unreviewed	ybhF-C1 Gmet_0657
Q39XX6	unreviewed	ybhS-1 Gmet_0656
Q39XX7	unreviewed	ybhR-1 Gmet_0655
Q39Y22	unreviewed	Gmet_0609
Q39Y30	unreviewed	Gmet_0601
Q39Y31	unreviewed	Gmet_0600
Q39Y33	unreviewed	Gmet_0598
Q39Y34	unreviewed	Gmet_0597
Q39Y35	unreviewed	Gmet_0596
Q39Y36	unreviewed	Gmet_0595
Q39Y37	unreviewed	Gmet_0594
Q39Y38	unreviewed	Gmet_0593
Q39Y39	unreviewed	Gmet_0592
Q39Y40	unreviewed	Gmet_0591
Q39Y41	unreviewed	Gmet_0590
Q39Y42	unreviewed	Gmet_0589
Q39Y43	unreviewed	Gmet_0588
Q39Y44	unreviewed	Gmet_0587
Q39Y45	unreviewed	Gmet_0586
Q39Y46	unreviewed	Gmet_0585
Q39Y47	unreviewed	Gmet_0584
Q39Y48	unreviewed	Gmet_0583
Q39Y49	unreviewed	Gmet_0582
Q39Y50	unreviewed	omcN Gmet_0581
Q39Y51	unreviewed	Gmet_0580
Q39Y52	unreviewed	Gmet_0579
Q39Y53	unreviewed	Gmet_0578
Q39Y54	unreviewed	Gmet_0577
Q39Y55	unreviewed	Gmet_0576
Q39Y56	unreviewed	Gmet_0575
Q39Y57	unreviewed	Gmet_0574
Q39Y58	unreviewed	Gmet_0573
Q39Y59	unreviewed	Gmet_0572
Q39Y60	unreviewed	Gmet_0571
Q39Y61	unreviewed	Gmet_0570
Q39Y62	unreviewed	Gmet_0569
Q39Y63	unreviewed	Gmet_0568
Q39Y64	unreviewed	Gmet_0567
Q39Y65	unreviewed	Gmet_0566
Q39Y66	unreviewed	Gmet_0565
Q39Y67	unreviewed	Gmet_0564
Q39Y68	unreviewed	Gmet_0563
Q39Y69	unreviewed	Gmet_0562
Q39Y70	unreviewed	Gmet_0561
Q39Y71	unreviewed	Gmet_0560
Q39Y72	unreviewed	Gmet_0559
Q39Y73	unreviewed	omcO Gmet_0558
Q39Y74	unreviewed	omcP Gmet_0557
Q39Y75	unreviewed	Gmet_0556
Q39Y76	unreviewed	Gmet_0555
Q39Y77	unreviewed	Gmet_0554
Q39Y78	unreviewed	tklG Gmet_0553
Q39Y79	unreviewed	tklB Gmet_0552
Q39Y80	unreviewed	tklA Gmet_0551
Q39Y81	unreviewed	Gmet_0550
Q39Y83	unreviewed	Gmet_0548
Q39Y85	unreviewed	Gmet_0546
Q39Y86	unreviewed	Gmet_0545
Q39Y87	unreviewed	Gmet_0544
Q39Y88	unreviewed	dhc2 Gmet_0543
Q39Y89	unreviewed	Gmet_0542
Q39Y90	unreviewed	cbcR Gmet_0541
Q39Y92	unreviewed	cbcP Gmet_0539
Q39Y93	unreviewed	cbcO Gmet_0538
Q39Y94	unreviewed	cbcN Gmet_0537
Q39Y95	unreviewed	cbcM Gmet_0536
Q39Y96	unreviewed	Gmet_0535
Q39Y97	unreviewed	Gmet_0534
Q39Y98	unreviewed	Gmet_0533
Q39Y99	unreviewed	Gmet_0532
Q39YA0	unreviewed	Gmet_0531
Q39YA1	unreviewed	Gmet_0530
Q39YA2	unreviewed	mcp40H-19 Gmet_0529
Q39YA3	unreviewed	czcR Gmet_0528
Q39YA5	unreviewed	Gmet_0526
Q39YA6	unreviewed	Gmet_0525
Q39YA7	unreviewed	Gmet_0524
Q39YA8	unreviewed	Gmet_0523
Q39YA9	unreviewed	Gmet_0522
Q39YB0	unreviewed	arsC Gmet_0521
Q39YB1	unreviewed	arsB Gmet_0520
Q39YB2	unreviewed	Gmet_0519
Q39YB3	unreviewed	Gmet_0518
Q39YB4	unreviewed	trx-2 Gmet_0517
Q39YB5	unreviewed	dsbD Gmet_0516
Q39YB6	unreviewed	Gmet_0515
Q39YB7	unreviewed	modC Gmet_0514
Q39YB9	unreviewed	modA Gmet_0512
Q39YC0	unreviewed	Gmet_0511
Q39YC1	unreviewed	Gmet_0510
Q39YC2	unreviewed	Gmet_0509
Q39YC3	unreviewed	Gmet_0508
Q39YC4	unreviewed	Gmet_0507
Q39YC5	unreviewed	Gmet_0506
Q39YC6	unreviewed	Gmet_0505
Q39YC9	unreviewed	Gmet_0502
Q39YD0	unreviewed	Gmet_0501
Q39YD1	unreviewed	Gmet_0500
Q39YD2	unreviewed	Gmet_0499
Q39YD3	unreviewed	Gmet_0498
Q39YD5	unreviewed	Gmet_0496
Q39YD8	unreviewed	Gmet_0493
Q39YD9	unreviewed	Gmet_0492
Q39YE0	unreviewed	acdA Gmet_0491
Q39YE1	unreviewed	Gmet_0490
Q39YE2	unreviewed	Gmet_0489
Q39YE7	unreviewed	cbiG Gmet_0484
Q39YE8	unreviewed	cbiF Gmet_0483
Q39YE9	unreviewed	cbiL Gmet_0482
Q39YF0	unreviewed	cbiET Gmet_0481
Q39YF1	unreviewed	Gmet_0480
Q39YF4	unreviewed	cbiC Gmet_0477
Q39YF5	unreviewed	cbiX Gmet_0476
Q39YF7	unreviewed	cbiQ Gmet_0474
Q39YF8	unreviewed	cbiN Gmet_0473
Q39YG7	unreviewed	Gmet_0464
Q39YG8	unreviewed	flaG Gmet_0463
Q39YG9	unreviewed	flbD Gmet_0462
Q39YH0	unreviewed	motA Gmet_0461
Q39YH1	unreviewed	motB Gmet_0460
Q39YH2	unreviewed	Gmet_0459
Q39YH3	unreviewed	pseB Gmet_0458
Q39YH4	unreviewed	Gmet_0457
Q39YH5	unreviewed	Gmet_0456
Q39YH6	unreviewed	Gmet_0455
Q39YH7	unreviewed	Gmet_0454
Q39YH8	unreviewed	Gmet_0453
Q39YH9	unreviewed	Gmet_0452
Q39YI1	unreviewed	Gmet_0450
Q39YI2	unreviewed	Gmet_0449
Q39YI3	unreviewed	Gmet_0448
Q39YI4	unreviewed	Gmet_0447
Q39YI5	unreviewed	Gmet_0446
Q39YI6	unreviewed	fliS Gmet_0445
Q39YJ2	unreviewed	flgL Gmet_0439
Q39YJ4	unreviewed	flgN Gmet_0437
Q39YJ5	unreviewed	flgM Gmet_0436
Q39YJ6	unreviewed	flgJ Gmet_0435
Q39YK0	unreviewed	flgG Gmet_0431
Q39YK1	unreviewed	flgF Gmet_0430
Q39YK2	unreviewed	fliA Gmet_0429
Q39YK3	unreviewed	flhG Gmet_0428
Q39YK6	unreviewed	Gmet_0425
Q39YK7	unreviewed	Gmet_0424
Q39YK8	unreviewed	Gmet_0423
Q39YK9	unreviewed	Gmet_0422
Q39YL0	unreviewed	Gmet_0421
Q39YL1	unreviewed	Gmet_0420
Q39YL2	unreviewed	shc-2 Gmet_0419
Q39YL3	unreviewed	Gmet_0418
Q39YM5	unreviewed	ftsI Gmet_0406
Q39YM6	unreviewed	ftsL Gmet_0405
Q39YM9	unreviewed	Gmet_0402
Q39YN0	unreviewed	Gmet_0401
Q39YN1	unreviewed	Gmet_0400
Q39YN2	unreviewed	yqfO Gmet_0399
Q39YN3	unreviewed	rlmL Gmet_0398
Q39YN5	unreviewed	Gmet_0396
Q39YN8	unreviewed	Gmet_0393
Q39YN9	unreviewed	yqeY Gmet_0392
Q39YQ2	unreviewed	Gmet_0379
Q39YQ6	unreviewed	ehrA-2 Gmet_0375
Q39YQ7	unreviewed	ehrB-2 Gmet_0374
Q39YQ8	unreviewed	ehrC-2 Gmet_0373
Q39YQ9	unreviewed	ehrD-2 Gmet_0372
Q39YR0	unreviewed	ehrL-2 Gmet_0371
Q39YR1	unreviewed	Gmet_0370
Q39YR2	unreviewed	ehrS-2 Gmet_0369
Q39YR3	unreviewed	Gmet_0368
Q39YR6	unreviewed	Gmet_0365
Q39YR7	unreviewed	Gmet_0364
Q39YS0	unreviewed	Gmet_0361
Q39YS1	unreviewed	Gmet_0360
Q39YS2	unreviewed	Gmet_0359
Q39YS4	unreviewed	Gmet_0357
Q39YS5	unreviewed	Gmet_0356
Q39YS6	unreviewed	hup-1 Gmet_0355
Q39YS8	unreviewed	Gmet_0353
Q39YT1	unreviewed	Gmet_0350
Q39YT2	unreviewed	Gmet_0349
Q39YT3	unreviewed	Gmet_0348
Q39YT4	unreviewed	Gmet_0347
Q39YT5	unreviewed	aroG-2 Gmet_0346
Q39YT6	unreviewed	yqaA Gmet_0345
Q39YT7	unreviewed	Gmet_0344
Q39YT8	unreviewed	Gmet_0343
Q39YU1	unreviewed	Gmet_0340
Q39YU2	unreviewed	Gmet_0339
Q39YU3	unreviewed	Gmet_0338
Q39YU6	unreviewed	ppcF Gmet_0335
Q39YU8	unreviewed	narK Gmet_0333
Q39YV0	unreviewed	narJ Gmet_0331
Q39YV3	unreviewed	narC-1 Gmet_0328
Q39YV4	unreviewed	cbcU-2 Gmet_0327
Q39YV5	unreviewed	cbcT-2 Gmet_0326
Q39YV6	unreviewed	cbcS-2 Gmet_0325
Q39YV9	unreviewed	Gmet_0322
Q39YW2	unreviewed	Gmet_0318
Q39YW3	unreviewed	Gmet_0317
Q39YW4	unreviewed	Gmet_0316
Q39YW5	unreviewed	Gmet_0315
Q39YW6	unreviewed	Gmet_0313
Q39YW8	unreviewed	Gmet_0311
Q39YW9	unreviewed	sdhE Gmet_0310
Q39YX2	unreviewed	Gmet_0307
Q39YX3	unreviewed	Gmet_0306
Q39YX4	unreviewed	Gmet_0305
Q39YX6	unreviewed	Gmet_0303
Q39YX7	unreviewed	mosC-1 Gmet_0302
Q39YY0	unreviewed	Gmet_0299
Q39YY1	unreviewed	Gmet_0298
Q39YY2	unreviewed	yccM-2 Gmet_0297
Q39YY4	unreviewed	nrfH Gmet_0295
Q39YY6	unreviewed	Gmet_0293
Q39YY7	unreviewed	Gmet_0292
Q39YY8	unreviewed	Gmet_0291
Q39YY9	unreviewed	Gmet_0290
Q39YZ0	unreviewed	Gmet_0289
Q39YZ1	unreviewed	Gmet_0288
Q39YZ2	unreviewed	Gmet_0287
Q39YZ3	unreviewed	tssI Gmet_0286
Q39YZ4	unreviewed	Gmet_0285
Q39YZ5	unreviewed	Gmet_0284
Q39YZ7	unreviewed	Gmet_0282
Q39YZ8	unreviewed	Gmet_0281
Q39YZ9	unreviewed	tssD Gmet_0280
Q39Z00	unreviewed	tssC Gmet_0279
Q39Z01	unreviewed	tssB Gmet_0278
Q39Z02	unreviewed	Gmet_0277
Q39Z03	unreviewed	Gmet_0276
Q39Z04	unreviewed	Gmet_0275
Q39Z05	unreviewed	tssM Gmet_0274
Q39Z06	unreviewed	tssL Gmet_0273
Q39Z07	unreviewed	Gmet_0272
Q39Z08	unreviewed	Gmet_0271
Q39Z09	unreviewed	ltaA Gmet_0270
Q39Z10	unreviewed	Gmet_0269
Q39Z13	unreviewed	Gmet_0266
Q39Z14	unreviewed	Gmet_0265
Q39Z16	unreviewed	Gmet_0263
Q39Z18	unreviewed	Gmet_0261
Q39Z19	unreviewed	pilT-2 Gmet_0260
Q39Z21	unreviewed	Gmet_0258
Q39Z22	unreviewed	Gmet_0257
Q39Z23	unreviewed	Gmet_0256
Q39Z25	unreviewed	Gmet_0254
Q39Z28	unreviewed	coxD Gmet_0251
Q39Z29	unreviewed	coxC Gmet_0250
Q39Z31	unreviewed	sco Gmet_0248
Q39Z34	unreviewed	Gmet_0245
Q39Z35	unreviewed	Gmet_0244
Q39Z36	unreviewed	Gmet_0243
Q39Z38	unreviewed	Gmet_0241
Q39Z39	unreviewed	Gmet_0240
Q39Z40	unreviewed	Gmet_0239
Q39Z41	unreviewed	Gmet_0238
Q39Z42	unreviewed	Gmet_0237
Q39Z43	unreviewed	Gmet_0236
Q39Z44	unreviewed	Gmet_0235
Q39Z45	unreviewed	Gmet_0234
Q39Z46	unreviewed	Gmet_0233
Q39Z47	unreviewed	Gmet_0232
Q39Z48	unreviewed	Gmet_0231
Q39Z49	unreviewed	Gmet_0230
Q39Z50	unreviewed	Gmet_0081 Gmet_0229 Gmet_1002 Gmet_1333 Gmet_1398 Gmet_1978 Gmet_2160 Gmet_2484 Gmet_3003
Q39Z51	unreviewed	Gmet_0228
Q39Z52	unreviewed	Gmet_0227
Q39Z53	unreviewed	Gmet_0226
Q39Z54	unreviewed	Gmet_0225
Q39Z55	unreviewed	Gmet_0224
Q39Z57	unreviewed	Gmet_0221
Q39Z58	unreviewed	Gmet_0220
Q39Z59	unreviewed	lysA Gmet_0219
Q39Z60	unreviewed	Gmet_0218
Q39Z61	unreviewed	Gmet_0217
Q39Z62	unreviewed	Gmet_0216
Q39Z63	unreviewed	Gmet_0215
Q39Z64	unreviewed	Gmet_0214
Q39Z68	unreviewed	Gmet_0210
Q39Z70	unreviewed	Gmet_0208
Q39Z71	unreviewed	Gmet_0207
Q39Z76	unreviewed	Gmet_0202
Q39Z78	unreviewed	recX Gmet_0200
Q39Z79	unreviewed	pilT-1 Gmet_0199
Q39Z83	unreviewed	pgpA Gmet_0195
Q39Z85	unreviewed	Gmet_0193
Q39Z87	unreviewed	Gmet_0191
Q39Z88	unreviewed	Gmet_0190
Q39Z90	unreviewed	Gmet_0188
Q39Z91	unreviewed	Gmet_0187
Q39Z92	unreviewed	Gmet_0186
Q39Z93	unreviewed	Gmet_0185
Q39Z94	unreviewed	cheX40H Gmet_0184
Q39Z96	unreviewed	tex Gmet_0182
Q39Z97	unreviewed	Gmet_0181
Q39Z98	unreviewed	Gmet_0180
Q39Z99	unreviewed	Gmet_0179
Q39ZA2	unreviewed	Gmet_0176
Q39ZA3	unreviewed	Gmet_0175
Q39ZA4	unreviewed	Gmet_0173
Q39ZA7	unreviewed	Gmet_0170
Q39ZA8	unreviewed	Gmet_0169
Q39ZA9	unreviewed	nuoL-2 Gmet_0168
Q39ZB1	unreviewed	Gmet_0166
Q39ZB3	unreviewed	Gmet_0164
Q39ZB5	unreviewed	Gmet_0162
Q39ZB7	unreviewed	Gmet_0160
Q39ZB9	unreviewed	Gmet_0158
Q39ZC0	unreviewed	nuoF-2 Gmet_0157
Q39ZC1	unreviewed	Gmet_0156
Q39ZC2	unreviewed	Gmet_0155
Q39ZC7	unreviewed	frx-4 Gmet_0148
Q39ZC9	unreviewed	Gmet_0146
Q39ZD0	unreviewed	Gmet_0145
Q39ZD1	unreviewed	Gmet_0144
Q39ZD2	unreviewed	Gmet_0143
Q39ZD3	unreviewed	Gmet_0142
Q39ZD4	unreviewed	Gmet_0141
Q39ZD5	unreviewed	Gmet_0140
Q39ZD6	unreviewed	Gmet_0139
Q39ZD7	unreviewed	Gmet_0138
Q39ZD9	unreviewed	Gmet_0136
Q39ZE0	unreviewed	Gmet_0135
Q39ZE4	unreviewed	Gmet_0131
Q39ZE5	unreviewed	Gmet_0130
Q39ZE6	unreviewed	Gmet_0129
Q39ZE8	unreviewed	Gmet_0127
Q39ZE9	unreviewed	Gmet_0126
Q39ZF0	unreviewed	Gmet_0125
Q39ZF1	unreviewed	Gmet_0124
Q39ZF2	unreviewed	Gmet_0123
Q39ZF4	unreviewed	Gmet_0121
Q39ZF5	unreviewed	hypB Gmet_0120
Q39ZF7	unreviewed	hypC Gmet_0118
Q39ZF8	unreviewed	hypD Gmet_0117
Q39ZF9	unreviewed	hypE Gmet_0116
Q39ZG0	unreviewed	Gmet_0115
Q39ZG1	unreviewed	Gmet_0114
Q39ZG2	unreviewed	Gmet_0113
Q39ZG3	unreviewed	Gmet_0112
Q39ZG4	unreviewed	Gmet_0111
Q39ZG5	unreviewed	Gmet_0110
Q39ZG7	unreviewed	Gmet_0108
Q39ZG8	unreviewed	Gmet_0107
Q39ZG9	unreviewed	Gmet_0106
Q39ZH0	unreviewed	Gmet_0105
Q39ZH3	unreviewed	Gmet_0102
Q39ZH4	unreviewed	Gmet_0101
Q39ZH5	unreviewed	cbcY Gmet_0100
Q39ZH7	unreviewed	Gmet_0098
Q39ZH8	unreviewed	Gmet_0097
Q39ZH9	unreviewed	Gmet_0096
Q39ZI0	unreviewed	Gmet_0095
Q39ZI3	unreviewed	fnr-1 Gmet_0092
Q39ZI4	unreviewed	Gmet_0091
Q39ZI7	unreviewed	Gmet_0088
Q39ZI8	unreviewed	Gmet_0087
Q39ZI9	unreviewed	Gmet_0086
Q39ZJ0	unreviewed	Gmet_0085
Q39ZJ1	unreviewed	Gmet_0084
Q39ZJ2	unreviewed	Gmet_0083
Q39ZJ3	unreviewed	Gmet_0082
Q39ZJ6	unreviewed	Gmet_0079
Q39ZJ7	unreviewed	Gmet_0078
Q39ZK1	unreviewed	Gmet_0074
Q39ZK4	unreviewed	glnE Gmet_0071
Q39ZK5	unreviewed	nth Gmet_0070
Q39ZK6	unreviewed	Gmet_0069
Q39ZK7	unreviewed	Gmet_0068
Q39ZL1	unreviewed	Gmet_0064
Q39ZL2	unreviewed	Gmet_0063
Q39ZL3	unreviewed	Gmet_0062
Q39ZL9	unreviewed	hgtR Gmet_0056
Q39ZM0	unreviewed	Gmet_0055
Q39ZM1	unreviewed	Gmet_0054
Q39ZM2	unreviewed	Gmet_0053
Q39ZM3	unreviewed	Gmet_0052
Q39ZM4	unreviewed	Gmet_0051
Q39ZM5	unreviewed	Gmet_0050
Q39ZM6	unreviewed	nudF Gmet_0048
Q39ZM7	unreviewed	Gmet_0047
Q39ZM8	unreviewed	Gmet_0045 Gmet_0046 Gmet_0094 Gmet_0132 Gmet_0488 Gmet_0670 Gmet_0723 Gmet_0958 Gmet_1143 Gmet_1718 Gmet_2073 Gmet_2810 Gmet_2975 Gmet_3429
Q39ZN0	unreviewed	Gmet_0044
Q39ZN2	unreviewed	Gmet_0042
Q39ZN4	unreviewed	Gmet_0040
Q39ZN7	unreviewed	Gmet_0037
Q39ZN8	unreviewed	Gmet_0036
Q39ZN9	unreviewed	Gmet_0035
Q39ZP0	unreviewed	Gmet_0034
Q39ZP1	unreviewed	Gmet_0033
Q39ZP2	unreviewed	Gmet_0032
Q39ZP3	unreviewed	Gmet_0031
Q39ZP4	unreviewed	prkA Gmet_0030
Q39ZP7	unreviewed	Gmet_0027
Q39ZP8	unreviewed	Gmet_0026
Q39ZP9	unreviewed	Gmet_0025
Q39ZQ0	unreviewed	aroG-1 Gmet_0024
Q39ZQ1	unreviewed	Gmet_0023
Q39ZQ2	unreviewed	Gmet_0022
Q39ZQ3	unreviewed	Gmet_0021
Q39ZQ4	unreviewed	Gmet_0020
Q39ZQ6	unreviewed	Gmet_0018
Q39ZQ7	unreviewed	slyX Gmet_0017
Q39ZQ9	unreviewed	Gmet_0015
Q39ZR0	unreviewed	Gmet_0014
Q39ZR1	unreviewed	Gmet_0013
Q39ZR8	unreviewed	Gmet_0006
V6CCI7	unreviewed	tmRNA Geoba_metal_GS15
