Entry	Reviewed	Gene Names	Organism (ID)	EC number	Gene Ontology (GO)
Q39QF5	reviewed	Gmet_3306	269799	1.3.8.10	acyl-CoA dehydrogenase activity [GO:0003995]; flavin adenine dinucleotide binding [GO:0050660]
Q39QF7	reviewed	Gmet_3304	269799	2.3.1.315	acetate CoA-transferase activity [GO:0008775]; acetate metabolic process [GO:0006083]
Q39S71	reviewed	rlmN Gmet_2685	269799	2.1.1.192	cytoplasm [GO:0005737]; 4 iron, 4 sulfur cluster binding [GO:0051539]; metal ion binding [GO:0046872]; rRNA (adenine(2503)-C2-)-methyltransferase activity [GO:0070040]; rRNA binding [GO:0019843]; tRNA (adenine(37)-C2)-methyltransferase activity [GO:0002935]; tRNA binding [GO:0000049]; rRNA base methylation [GO:0070475]; tRNA methylation [GO:0030488]
Q39TV7	reviewed	bamA Gmet_2088	269799	3.7.1.21	cytosol [GO:0005829]; 1,4-dihydroxy-2-naphthoyl-CoA synthase activity [GO:0008935]; 6-hydroxycyclohex-1-ene-1-carboxyl-CoA hydratase activity [GO:0018807]; hydrolase activity, acting on acid carbon-carbon bonds, in ketonic substances [GO:0016823]; benzoyl-CoA catabolic process [GO:1901788]; menaquinone biosynthetic process [GO:0009234]
Q39UR5	reviewed	ppnP Gmet_1778	269799	2.4.2.1; 2.4.2.2	guanosine phosphorylase activity [GO:0047975]; purine-nucleoside phosphorylase activity [GO:0004731]; thymidine phosphorylase activity [GO:0009032]; uridine phosphorylase activity [GO:0004850]
Q39W62	reviewed	pyrG Gmet_1276	269799	6.3.4.2	ATP binding [GO:0005524]; CTP synthase activity [GO:0003883]; glutaminase activity [GO:0004359]; metal ion binding [GO:0046872]; 'de novo' CTP biosynthetic process [GO:0044210]; glutamine metabolic process [GO:0006541]
Q39X60	reviewed	hldE Gmet_0922	269799	2.7.1.167; 2.7.7.70	ATP binding [GO:0005524]; heptose 7-phosphate kinase activity [GO:0033785]; heptose-1-phosphate adenylyltransferase activity [GO:0033786]; phosphotransferase activity, alcohol group as acceptor [GO:0016773]; ADP-L-glycero-beta-D-manno-heptose biosynthetic process [GO:0097171]
Q39YM4	reviewed	murE Gmet_0407	269799	6.3.2.13	cytoplasm [GO:0005737]; ATP binding [GO:0005524]; magnesium ion binding [GO:0000287]; UDP-N-acetylmuramoylalanyl-D-glutamate-2,6-diaminopimelate ligase activity [GO:0008765]; cell division [GO:0051301]; cell wall organization [GO:0071555]; peptidoglycan biosynthetic process [GO:0009252]; regulation of cell shape [GO:0008360]
Q39ZH2	reviewed	glmU Gmet_0103	269799	2.3.1.157; 2.7.7.23	cytoplasm [GO:0005737]; glucosamine-1-phosphate N-acetyltransferase activity [GO:0019134]; magnesium ion binding [GO:0000287]; UDP-N-acetylglucosamine diphosphorylase activity [GO:0003977]; cell morphogenesis [GO:0000902]; cell wall organization [GO:0071555]; lipid A biosynthetic process [GO:0009245]; peptidoglycan biosynthetic process [GO:0009252]; regulation of cell shape [GO:0008360]; UDP-N-acetylglucosamine biosynthetic process [GO:0006048]
P81894	reviewed	Gmet_2902	269799		electron transfer activity [GO:0009055]; heme binding [GO:0020037]; metal ion binding [GO:0046872]; anaerobic respiration [GO:0009061]
Q39PQ9	reviewed	mnmE trmE Gmet_3560	269799	3.6.-.-	cytoplasm [GO:0005737]; GTP binding [GO:0005525]; GTPase activity [GO:0003924]; metal ion binding [GO:0046872]; tRNA modification [GO:0006400]
Q39PU1	reviewed	serS Gmet_3528	269799	6.1.1.11	cytoplasm [GO:0005737]; ATP binding [GO:0005524]; serine-tRNA ligase activity [GO:0004828]; selenocysteine biosynthetic process [GO:0016260]; seryl-tRNA aminoacylation [GO:0006434]
Q39Q54	reviewed	atpA Gmet_3408	269799	7.1.2.2	plasma membrane [GO:0005886]; proton-transporting ATP synthase complex, catalytic core F(1) [GO:0045261]; ATP binding [GO:0005524]; proton-transporting ATP synthase activity, rotational mechanism [GO:0046933]; proton-transporting ATPase activity, rotational mechanism [GO:0046961]
Q39Q56	reviewed	atpD Gmet_3406	269799	7.1.2.2	plasma membrane [GO:0005886]; proton-transporting ATP synthase complex, catalytic core F(1) [GO:0045261]; ATP binding [GO:0005524]; ATP hydrolysis activity [GO:0016887]; proton-transporting ATP synthase activity, rotational mechanism [GO:0046933]; proton-transporting ATPase activity, rotational mechanism [GO:0046961]
Q39Q58	reviewed	pdxA Gmet_3404	269799	1.1.1.262	cytoplasm [GO:0005737]; 4-hydroxythreonine-4-phosphate dehydrogenase activity [GO:0050570]; metal ion binding [GO:0046872]; NAD binding [GO:0051287]; pyridoxal phosphate biosynthetic process [GO:0042823]; pyridoxine biosynthetic process [GO:0008615]
Q39QA2	reviewed	atpE Gmet_3360	269799		plasma membrane [GO:0005886]; proton-transporting ATP synthase complex, coupling factor F(o) [GO:0045263]; lipid binding [GO:0008289]; proton-transporting ATP synthase activity, rotational mechanism [GO:0046933]
Q39QA6	reviewed	hemL Gmet_3356	269799	5.4.3.8	cytoplasm [GO:0005737]; glutamate-1-semialdehyde 2,1-aminomutase activity [GO:0042286]; pyridoxal phosphate binding [GO:0030170]; transaminase activity [GO:0008483]; protoporphyrinogen IX biosynthetic process [GO:0006782]
Q39QA7	reviewed	nuoA2 Gmet_3355	269799	7.1.1.-	plasma membrane [GO:0005886]; NADH dehydrogenase (ubiquinone) activity [GO:0008137]; NADH:ubiquinone reductase (non-electrogenic) activity [GO:0050136]; quinone binding [GO:0048038]
Q39QA8	reviewed	nuoB Gmet_3354	269799	7.1.1.-	plasma membrane [GO:0005886]; 4 iron, 4 sulfur cluster binding [GO:0051539]; iron ion binding [GO:0005506]; NADH dehydrogenase (ubiquinone) activity [GO:0008137]; NADH:ubiquinone reductase (non-electrogenic) activity [GO:0050136]; quinone binding [GO:0048038]
Q39QB5	reviewed	nuoI2 Gmet_3347	269799	7.1.1.-	plasma membrane [GO:0005886]; 4 iron, 4 sulfur cluster binding [GO:0051539]; iron ion binding [GO:0005506]; NADH:ubiquinone reductase (non-electrogenic) activity [GO:0050136]; quinone binding [GO:0048038]
Q39QB7	reviewed	nuoK2 Gmet_3345	269799	7.1.1.-	plasma membrane [GO:0005886]; NADH:ubiquinone reductase (non-electrogenic) activity [GO:0050136]; quinone binding [GO:0048038]; ATP synthesis coupled electron transport [GO:0042773]
Q39QC5	reviewed	ttcA Gmet_3336	269799	2.8.1.-	cytoplasm [GO:0005737]; 4 iron, 4 sulfur cluster binding [GO:0051539]; ATP binding [GO:0005524]; metal ion binding [GO:0046872]; transferase activity [GO:0016740]; tRNA binding [GO:0000049]; tRNA modification [GO:0006400]
Q39QF4	reviewed	Gmet_3307	269799	1.3.8.11	acyl-CoA dehydrogenase activity [GO:0003995]; flavin adenine dinucleotide binding [GO:0050660]
Q39QJ2	reviewed	cheB5 Gmet_3269	269799	3.1.1.61; 3.5.1.44	cytoplasm [GO:0005737]; phosphorelay response regulator activity [GO:0000156]; protein-glutamate methylesterase activity [GO:0008984]; protein-glutamine glutaminase activity [GO:0050568]; chemotaxis [GO:0006935]
Q39QK1	reviewed	purA Gmet_3260	269799	6.3.4.4	cytoplasm [GO:0005737]; adenylosuccinate synthase activity [GO:0004019]; GTP binding [GO:0005525]; magnesium ion binding [GO:0000287]; 'de novo' AMP biosynthetic process [GO:0044208]
Q39QM7	reviewed	hemC Gmet_3234	269799	2.5.1.61	hydroxymethylbilane synthase activity [GO:0004418]; protoporphyrinogen IX biosynthetic process [GO:0006782]
Q39QM8	reviewed	hemA Gmet_3233	269799	1.2.1.70	glutamyl-tRNA reductase activity [GO:0008883]; NADP binding [GO:0050661]; protoporphyrinogen IX biosynthetic process [GO:0006782]
Q39QP7	reviewed	lon Gmet_3214	269799	3.4.21.53	cytoplasm [GO:0005737]; ATP binding [GO:0005524]; ATP hydrolysis activity [GO:0016887]; ATP-dependent peptidase activity [GO:0004176]; sequence-specific DNA binding [GO:0043565]; serine-type endopeptidase activity [GO:0004252]; cellular response to heat [GO:0034605]; protein quality control for misfolded or incompletely synthesized proteins [GO:0006515]
Q39QQ6	reviewed	rimO Gmet_3205	269799	2.8.4.4	cytoplasm [GO:0005737]; 4 iron, 4 sulfur cluster binding [GO:0051539]; metal ion binding [GO:0046872]; protein methylthiotransferase activity [GO:0103039]; tRNA modification [GO:0006400]
Q39QR3	reviewed	proB Gmet_3198	269799	2.7.2.11	cytoplasm [GO:0005737]; ATP binding [GO:0005524]; glutamate 5-kinase activity [GO:0004349]; RNA binding [GO:0003723]; L-proline biosynthetic process [GO:0055129]
Q39QR4	reviewed	obg Gmet_3197	269799	3.6.5.-	cytoplasm [GO:0005737]; GTP binding [GO:0005525]; GTPase activity [GO:0003924]; magnesium ion binding [GO:0000287]; ribosome biogenesis [GO:0042254]
Q39QR8	reviewed	purT Gmet_3193	269799	6.3.1.21	cytosol [GO:0005829]; ATP binding [GO:0005524]; ligase activity [GO:0016874]; magnesium ion binding [GO:0000287]; phosphoribosylglycinamide formyltransferase 2 activity [GO:0043815]; phosphoribosylglycinamide formyltransferase activity [GO:0004644]; 'de novo' IMP biosynthetic process [GO:0006189]
Q39QU2	reviewed	pckA Gmet_3169	269799	4.1.1.49	cytoplasm [GO:0005737]; ATP binding [GO:0005524]; metal ion binding [GO:0046872]; phosphoenolpyruvate carboxykinase (ATP) activity [GO:0004612]; gluconeogenesis [GO:0006094]
Q39QW1	reviewed	lipA Gmet_3150	269799	2.8.1.8	cytoplasm [GO:0005737]; 4 iron, 4 sulfur cluster binding [GO:0051539]; lipoate synthase activity [GO:0016992]; metal ion binding [GO:0046872]
Q39QX7	reviewed	uppP Gmet_3133	269799	3.6.1.27	plasma membrane [GO:0005886]; undecaprenyl-diphosphatase activity [GO:0050380]; cell wall organization [GO:0071555]; peptidoglycan biosynthetic process [GO:0009252]; regulation of cell shape [GO:0008360]; response to antibiotic [GO:0046677]
Q39R35	reviewed	queC Gmet_3075	269799	6.3.4.20	ATP binding [GO:0005524]; ligase activity, forming carbon-nitrogen bonds [GO:0016879]; zinc ion binding [GO:0008270]; queuosine biosynthetic process [GO:0008616]
Q39R83	reviewed	coaE Gmet_3026	269799	2.7.1.24	cytoplasm [GO:0005737]; ATP binding [GO:0005524]; dephospho-CoA kinase activity [GO:0004140]; coenzyme A biosynthetic process [GO:0015937]
Q39R89	reviewed	plsY Gmet_3020	269799	2.3.1.275	plasma membrane [GO:0005886]; acyl-phosphate glycerol-3-phosphate acyltransferase activity [GO:0043772]; phospholipid biosynthetic process [GO:0008654]
Q39RA1	reviewed	dtd Gmet_3008	269799	3.1.1.96	cytoplasm [GO:0005737]; D-aminoacyl-tRNA deacylase activity [GO:0051499]; Gly-tRNA(Ala) hydrolase activity [GO:0106026]; Ser(Gly)-tRNA(Ala) hydrolase activity [GO:0043908]; tRNA binding [GO:0000049]; D-amino acid catabolic process [GO:0019478]
Q39RH2	reviewed	thiG Gmet_2934	269799	2.8.1.10	cytoplasm [GO:0005737]; thiazole synthase activity [GO:1990107]; thiamine diphosphate biosynthetic process [GO:0009229]
Q39RJ6	reviewed	thiC thiC-1 Gmet_2910	269799	4.1.99.17	4 iron, 4 sulfur cluster binding [GO:0051539]; carbon-carbon lyase activity [GO:0016830]; zinc ion binding [GO:0008270]; thiamine biosynthetic process [GO:0009228]; thiamine diphosphate biosynthetic process [GO:0009229]
Q39RJ8	reviewed	alr Gmet_2908	269799	5.1.1.1	alanine racemase activity [GO:0008784]; pyridoxal phosphate binding [GO:0030170]; D-alanine biosynthetic process [GO:0030632]
Q39RJ9	reviewed	selD Gmet_2907	269799	2.7.9.3	ATP binding [GO:0005524]; magnesium ion binding [GO:0000287]; selenide, water dikinase activity [GO:0004756]; selenocysteine biosynthetic process [GO:0016260]
Q39RK1	reviewed	purH Gmet_2905	269799	2.1.2.3; 3.5.4.10	IMP cyclohydrolase activity [GO:0003937]; phosphoribosylaminoimidazolecarboxamide formyltransferase activity [GO:0004643]; 'de novo' IMP biosynthetic process [GO:0006189]
Q39RN8	reviewed	trmD Gmet_2868	269799	2.1.1.228	cytoplasm [GO:0005737]; tRNA (guanine(37)-N1)-methyltransferase activity [GO:0052906]; methylation [GO:0032259]; tRNA modification [GO:0006400]
Q39RP1	reviewed	rnhB Gmet_2865	269799	3.1.26.4	cytoplasm [GO:0005737]; manganese ion binding [GO:0030145]; RNA binding [GO:0003723]; RNA-DNA hybrid ribonuclease activity [GO:0004523]; RNA catabolic process [GO:0006401]
Q39RQ7	reviewed	ispE Gmet_2849	269799	2.7.1.148	4-(cytidine 5'-diphospho)-2-C-methyl-D-erythritol kinase activity [GO:0050515]; ATP binding [GO:0005524]; isopentenyl diphosphate biosynthetic process, methylerythritol 4-phosphate pathway [GO:0019288]; terpenoid biosynthetic process [GO:0016114]
Q39RS2	reviewed	hcp Gmet_2834	269799	1.7.99.1	cytoplasm [GO:0005737]; 4 iron, 4 sulfur cluster binding [GO:0051539]; hydroxylamine reductase activity [GO:0050418]; metal ion binding [GO:0046872]
Q39RT4	reviewed	dxs2 Gmet_2822	269799	2.2.1.7	1-deoxy-D-xylulose-5-phosphate synthase activity [GO:0008661]; magnesium ion binding [GO:0000287]; thiamine pyrophosphate binding [GO:0030976]; 1-deoxy-D-xylulose 5-phosphate biosynthetic process [GO:0052865]; terpenoid biosynthetic process [GO:0016114]; thiamine biosynthetic process [GO:0009228]
Q39RX3	reviewed	metXA Gmet_2783	269799	2.3.1.31	cytoplasm [GO:0005737]; homoserine O-acetyltransferase activity [GO:0004414]; methionine biosynthetic process [GO:0009086]
Q39RY8	reviewed	glgC Gmet_2768	269799	2.7.7.27	ATP binding [GO:0005524]; glucose-1-phosphate adenylyltransferase activity [GO:0008878]; glycogen biosynthetic process [GO:0005978]
Q39S09	reviewed	lipB Gmet_2747	269799	2.3.1.181	cytoplasm [GO:0005737]; lipoyl(octanoyl) transferase activity [GO:0033819]
Q39S28	reviewed	ligA Gmet_2728	269799	6.5.1.2	DNA binding [GO:0003677]; DNA ligase (NAD+) activity [GO:0003911]; metal ion binding [GO:0046872]; DNA repair [GO:0006281]; DNA replication [GO:0006260]
Q39S45	reviewed	cheB4 Gmet_2711	269799	3.1.1.61; 3.5.1.44	cytoplasm [GO:0005737]; phosphorelay response regulator activity [GO:0000156]; protein-glutamate methylesterase activity [GO:0008984]; protein-glutamine glutaminase activity [GO:0050568]; chemotaxis [GO:0006935]
Q39S52	reviewed	pstB Gmet_2704	269799	7.3.2.1	plasma membrane [GO:0005886]; ATP binding [GO:0005524]; ATP hydrolysis activity [GO:0016887]; ATPase-coupled phosphate ion transmembrane transporter activity [GO:0015415]; phosphate ion transmembrane transport [GO:0035435]
Q39S70	reviewed	ndk Gmet_2686	269799	2.7.4.6	cytoplasm [GO:0005737]; ATP binding [GO:0005524]; metal ion binding [GO:0046872]; nucleoside diphosphate kinase activity [GO:0004550]; CTP biosynthetic process [GO:0006241]; GTP biosynthetic process [GO:0006183]; UTP biosynthetic process [GO:0006228]
Q39SU1	reviewed	pgi Gmet_2458	269799	5.3.1.9	cytoplasm [GO:0005737]; carbohydrate derivative binding [GO:0097367]; glucose-6-phosphate isomerase activity [GO:0004347]; gluconeogenesis [GO:0006094]; glycolytic process [GO:0006096]
Q39SY1	reviewed	cheB3 Gmet_2418	269799	3.1.1.61; 3.5.1.44	cytoplasm [GO:0005737]; phosphorelay response regulator activity [GO:0000156]; protein-glutamate methylesterase activity [GO:0008984]; protein-glutamine glutaminase activity [GO:0050568]; chemotaxis [GO:0006935]
Q39T27	reviewed	eno Gmet_2372	269799	4.2.1.11	cell surface [GO:0009986]; extracellular region [GO:0005576]; phosphopyruvate hydratase complex [GO:0000015]; magnesium ion binding [GO:0000287]; phosphopyruvate hydratase activity [GO:0004634]; glycolytic process [GO:0006096]
Q39T32	reviewed	lnt Gmet_2367	269799	2.3.1.269	plasma membrane [GO:0005886]; N-acyltransferase activity [GO:0016410]; lipoprotein biosynthetic process [GO:0042158]
Q39T82	reviewed	rnc Gmet_2317	269799	3.1.26.3	cytoplasm [GO:0005737]; metal ion binding [GO:0046872]; ribonuclease III activity [GO:0004525]; rRNA binding [GO:0019843]; mRNA processing [GO:0006397]; rRNA processing [GO:0006364]; tRNA processing [GO:0008033]
Q39T84	reviewed	era Gmet_2315	269799		cytoplasm [GO:0005737]; plasma membrane [GO:0005886]; GTP binding [GO:0005525]; GTPase activity [GO:0003924]; small ribosomal subunit rRNA binding [GO:0070181]; ribosomal small subunit biogenesis [GO:0042274]
Q39T95	reviewed	cheB2 Gmet_2304	269799	3.1.1.61; 3.5.1.44	cytoplasm [GO:0005737]; phosphorelay response regulator activity [GO:0000156]; protein-glutamate methylesterase activity [GO:0008984]; protein-glutamine glutaminase activity [GO:0050568]; chemotaxis [GO:0006935]
Q39TA3	reviewed	miaB Gmet_2296	269799	2.8.4.3	cytoplasm [GO:0005737]; 4 iron, 4 sulfur cluster binding [GO:0051539]; metal ion binding [GO:0046872]; methylthiotransferase activity [GO:0035596]; tRNA modification [GO:0006400]
Q39TA7	reviewed	guaA Gmet_2292	269799	6.3.5.2	ATP binding [GO:0005524]; GMP synthase activity [GO:0003921]; glutamine metabolic process [GO:0006541]
Q39TZ3	reviewed	miaA Gmet_2052	269799	2.5.1.75	ATP binding [GO:0005524]; tRNA dimethylallyltransferase activity [GO:0052381]; tRNA processing [GO:0008033]
Q39U59	reviewed	coaX Gmet_1986	269799	2.7.1.33	cytoplasm [GO:0005737]; ATP binding [GO:0005524]; metal ion binding [GO:0046872]; pantothenate kinase activity [GO:0004594]; coenzyme A biosynthetic process [GO:0015937]
Q39U97	reviewed	tpiA Gmet_1948	269799	5.3.1.1	cytoplasm [GO:0005737]; triose-phosphate isomerase activity [GO:0004807]; gluconeogenesis [GO:0006094]; glycolytic process [GO:0006096]
Q39UB1	reviewed	dxs1 Gmet_1934	269799	2.2.1.7	1-deoxy-D-xylulose-5-phosphate synthase activity [GO:0008661]; magnesium ion binding [GO:0000287]; thiamine pyrophosphate binding [GO:0030976]; 1-deoxy-D-xylulose 5-phosphate biosynthetic process [GO:0052865]; terpenoid biosynthetic process [GO:0016114]; thiamine biosynthetic process [GO:0009228]
Q39UE8	reviewed	hisI Gmet_1897	269799	3.5.4.19	cytoplasm [GO:0005737]; magnesium ion binding [GO:0000287]; phosphoribosyl-AMP cyclohydrolase activity [GO:0004635]; zinc ion binding [GO:0008270]; L-histidine biosynthetic process [GO:0000105]
Q39UG0	reviewed	pdxJ Gmet_1885	269799	2.6.99.2	cytoplasm [GO:0005737]; pyridoxine 5'-phosphate synthase activity [GO:0033856]; pyridoxine biosynthetic process [GO:0008615]
Q39UG9	reviewed	rph Gmet_1876	269799	2.7.7.56	3'-5'-RNA exonuclease activity [GO:0000175]; tRNA binding [GO:0000049]; tRNA nucleotidyltransferase activity [GO:0009022]; rRNA catabolic process [GO:0016075]; rRNA processing [GO:0006364]; tRNA processing [GO:0008033]
Q39UH1	reviewed	tig Gmet_1874	269799	5.2.1.8	cytoplasm [GO:0005737]; peptidyl-prolyl cis-trans isomerase activity [GO:0003755]; cell division [GO:0051301]; protein folding [GO:0006457]; protein transport [GO:0015031]
Q39UK4	reviewed	pyrD Gmet_1841	269799	1.3.1.14	cytoplasm [GO:0005737]; dihydroorotate dehydrogenase (NAD+) activity [GO:0004589]; 'de novo' pyrimidine nucleobase biosynthetic process [GO:0006207]; 'de novo' UMP biosynthetic process [GO:0044205]
Q39US3	reviewed	pyrC Gmet_1770	269799	3.5.2.3	dihydroorotase activity [GO:0004151]; zinc ion binding [GO:0008270]; 'de novo' UMP biosynthetic process [GO:0044205]
Q39US4	reviewed	pyrB Gmet_1769	269799	2.1.3.2	amino acid binding [GO:0016597]; aspartate carbamoyltransferase activity [GO:0004070]; 'de novo' pyrimidine nucleobase biosynthetic process [GO:0006207]; 'de novo' UMP biosynthetic process [GO:0044205]; amino acid metabolic process [GO:0006520]
Q39US7	reviewed	lepA Gmet_1766	269799	3.6.5.n1	plasma membrane [GO:0005886]; GTP binding [GO:0005525]; GTPase activity [GO:0003924]; ribosome binding [GO:0043022]; translation elongation factor activity [GO:0003746]; positive regulation of translation [GO:0045727]
Q39UT4	reviewed	coaD Gmet_1759	269799	2.7.7.3	cytoplasm [GO:0005737]; ATP binding [GO:0005524]; pantetheine-phosphate adenylyltransferase activity [GO:0004595]; coenzyme A biosynthetic process [GO:0015937]
Q39UV7	reviewed	gltX Gmet_1736	269799	6.1.1.17	cytoplasm [GO:0005737]; ATP binding [GO:0005524]; glutamate-tRNA ligase activity [GO:0004818]; tRNA binding [GO:0000049]; zinc ion binding [GO:0008270]; glutamyl-tRNA aminoacylation [GO:0006424]
Q39V17	reviewed	glpK Gmet_1676	269799	2.7.1.30	ATP binding [GO:0005524]; glycerol kinase activity [GO:0004370]; glycerol catabolic process [GO:0019563]; glycerol metabolic process [GO:0006071]; glycerol-3-phosphate metabolic process [GO:0006072]
Q39V40	reviewed	gpmA Gmet_1653	269799	5.4.2.11	2,3-bisphosphoglycerate-dependent phosphoglycerate mutase activity [GO:0046538]; gluconeogenesis [GO:0006094]; glycolytic process [GO:0006096]
Q39V50	reviewed	panC Gmet_1643	269799	6.3.2.1	cytoplasm [GO:0005737]; ATP binding [GO:0005524]; pantoate-beta-alanine ligase activity [GO:0004592]; pantothenate biosynthetic process [GO:0015940]
Q39V51	reviewed	panB Gmet_1642	269799	2.1.2.11	cytoplasm [GO:0005737]; 3-methyl-2-oxobutanoate hydroxymethyltransferase activity [GO:0003864]; metal ion binding [GO:0046872]; pantothenate biosynthetic process [GO:0015940]
Q39V87	reviewed	glyA Gmet_1605	269799	2.1.2.1	cytoplasm [GO:0005737]; glycine hydroxymethyltransferase activity [GO:0004372]; pyridoxal phosphate binding [GO:0030170]; glycine biosynthetic process from serine [GO:0019264]; tetrahydrofolate interconversion [GO:0035999]
Q39V94	reviewed	plsX Gmet_1598	269799	2.3.1.274	cytoplasm [GO:0005737]; phosphate:acyl-[acyl carrier protein] acyltransferase activity [GO:0043811]; fatty acid biosynthetic process [GO:0006633]; phospholipid biosynthetic process [GO:0008654]
Q39VA1	reviewed	pnp Gmet_1591	269799	2.7.7.8	cytoplasm [GO:0005737]; magnesium ion binding [GO:0000287]; polyribonucleotide nucleotidyltransferase activity [GO:0004654]; RNA binding [GO:0003723]; mRNA catabolic process [GO:0006402]; RNA processing [GO:0006396]
Q39VB0	reviewed	bioB Gmet_1582	269799	2.8.1.6	2 iron, 2 sulfur cluster binding [GO:0051537]; 4 iron, 4 sulfur cluster binding [GO:0051539]; biotin synthase activity [GO:0004076]; iron ion binding [GO:0005506]; biotin biosynthetic process [GO:0009102]
Q39VQ1	reviewed	lexA Gmet_1439	269799	3.4.21.88	DNA binding [GO:0003677]; serine-type endopeptidase activity [GO:0004252]; DNA repair [GO:0006281]; DNA replication [GO:0006260]; negative regulation of DNA-templated transcription [GO:0045892]; proteolysis [GO:0006508]; SOS response [GO:0009432]
Q39VS0	reviewed	pcm Gmet_1420	269799	2.1.1.77	cytoplasm [GO:0005737]; protein-L-isoaspartate (D-aspartate) O-methyltransferase activity [GO:0004719]; methylation [GO:0032259]; protein modification process [GO:0036211]; protein repair [GO:0030091]
Q39VS4	reviewed	pheT Gmet_1416	269799	6.1.1.20	cytoplasm [GO:0005737]; ATP binding [GO:0005524]; magnesium ion binding [GO:0000287]; phenylalanine-tRNA ligase activity [GO:0004826]; tRNA binding [GO:0000049]; phenylalanyl-tRNA aminoacylation [GO:0006432]
Q39VS5	reviewed	pheS Gmet_1415	269799	6.1.1.20	cytoplasm [GO:0005737]; ATP binding [GO:0005524]; magnesium ion binding [GO:0000287]; phenylalanine-tRNA ligase activity [GO:0004826]; tRNA binding [GO:0000049]; phenylalanyl-tRNA aminoacylation [GO:0006432]
Q39VU8	reviewed	aroE Gmet_1392	269799	1.1.1.25	NADP binding [GO:0050661]; shikimate 3-dehydrogenase (NADP+) activity [GO:0004764]; amino acid biosynthetic process [GO:0008652]; aromatic amino acid family biosynthetic process [GO:0009073]; chorismate biosynthetic process [GO:0009423]; shikimate metabolic process [GO:0019632]
Q39VY3	reviewed	aspS Gmet_1357	269799	6.1.1.23	cytoplasm [GO:0005737]; aspartate-tRNA ligase activity [GO:0004815]; aspartate-tRNA(Asn) ligase activity [GO:0050560]; ATP binding [GO:0005524]; nucleic acid binding [GO:0003676]; aspartyl-tRNA aminoacylation [GO:0006422]
Q39VY5	reviewed	pyrF Gmet_1355	269799	4.1.1.23	orotidine-5'-phosphate decarboxylase activity [GO:0004590]; 'de novo' pyrimidine nucleobase biosynthetic process [GO:0006207]; 'de novo' UMP biosynthetic process [GO:0044205]
Q39W34	reviewed	rsmA ksgA Gmet_1304	269799	2.1.1.182	cytoplasm [GO:0005737]; 16S rRNA (adenine(1518)-N(6)/adenine(1519)-N(6))-dimethyltransferase activity [GO:0052908]; RNA binding [GO:0003723]
Q39W35	reviewed	tsaD gcp Gmet_1303	269799	2.3.1.234	cytoplasm [GO:0005737]; iron ion binding [GO:0005506]; N(6)-L-threonylcarbamoyladenine synthase activity [GO:0061711]; tRNA threonylcarbamoyladenosine modification [GO:0002949]
Q39W48	reviewed	metK Gmet_1290	269799	2.5.1.6	cytoplasm [GO:0005737]; ATP binding [GO:0005524]; magnesium ion binding [GO:0000287]; methionine adenosyltransferase activity [GO:0004478]; one-carbon metabolic process [GO:0006730]; S-adenosylmethionine biosynthetic process [GO:0006556]
Q39W70	reviewed	leuC Gmet_1268	269799	4.2.1.33	3-isopropylmalate dehydratase activity [GO:0003861]; 4 iron, 4 sulfur cluster binding [GO:0051539]; metal ion binding [GO:0046872]; L-leucine biosynthetic process [GO:0009098]
Q39W75	reviewed	psd Gmet_1263	269799	4.1.1.65	plasma membrane [GO:0005886]; phosphatidylserine decarboxylase activity [GO:0004609]; phosphatidylethanolamine biosynthetic process [GO:0006646]
Q39W76	reviewed	ilvC Gmet_1262	269799	1.1.1.86	ketol-acid reductoisomerase activity [GO:0004455]; magnesium ion binding [GO:0000287]; NADP binding [GO:0050661]; isoleucine biosynthetic process [GO:0009097]; valine biosynthetic process [GO:0009099]
Q39W79	reviewed	ilvD Gmet_1259	269799	4.2.1.9	2 iron, 2 sulfur cluster binding [GO:0051537]; dihydroxy-acid dehydratase activity [GO:0004160]; magnesium ion binding [GO:0000287]; isoleucine biosynthetic process [GO:0009097]; valine biosynthetic process [GO:0009099]
Q39W82	reviewed	dxr Gmet_1256	269799	1.1.1.267	1-deoxy-D-xylulose-5-phosphate reductoisomerase activity [GO:0030604]; metal ion binding [GO:0046872]; NADPH binding [GO:0070402]; isopentenyl diphosphate biosynthetic process, methylerythritol 4-phosphate pathway [GO:0019288]
Q39W86	reviewed	pyrH Gmet_1252	269799	2.7.4.22	cytoplasm [GO:0005737]; ATP binding [GO:0005524]; UMP kinase activity [GO:0033862]; 'de novo' CTP biosynthetic process [GO:0044210]
Q39WC1	reviewed	accA Gmet_1216	269799	2.1.3.15	acetyl-CoA carboxylase complex [GO:0009317]; acetyl-CoA carboxylase activity [GO:0003989]; ATP binding [GO:0005524]; carboxyl- or carbamoyltransferase activity [GO:0016743]; fatty acid biosynthetic process [GO:0006633]; malonyl-CoA biosynthetic process [GO:2001295]
Q39WD1	reviewed	mutM fpg Gmet_1206	269799	3.2.2.23; 4.2.99.18	8-oxo-7,8-dihydroguanine DNA N-glycosylase activity [GO:0034039]; class I DNA-(apurinic or apyrimidinic site) endonuclease activity [GO:0140078]; damaged DNA binding [GO:0003684]; zinc ion binding [GO:0008270]; base-excision repair [GO:0006284]
Q39WF4	reviewed	tyrS Gmet_1182	269799	6.1.1.1	cytoplasm [GO:0005737]; ATP binding [GO:0005524]; RNA binding [GO:0003723]; tyrosine-tRNA ligase activity [GO:0004831]; tyrosyl-tRNA aminoacylation [GO:0006437]
Q39WH4	reviewed	folD2 Gmet_1162	269799	1.5.1.5; 3.5.4.9	methenyltetrahydrofolate cyclohydrolase activity [GO:0004477]; methylenetetrahydrofolate dehydrogenase (NADP+) activity [GO:0004488]; L-histidine biosynthetic process [GO:0000105]; methionine biosynthetic process [GO:0009086]; purine nucleotide biosynthetic process [GO:0006164]; tetrahydrofolate interconversion [GO:0035999]
Q39WQ9	reviewed	cheB1 Gmet_1075	269799	3.1.1.61; 3.5.1.44	cytoplasm [GO:0005737]; phosphorelay response regulator activity [GO:0000156]; protein-glutamate methylesterase activity [GO:0008984]; protein-glutamine glutaminase activity [GO:0050568]; chemotaxis [GO:0006935]
Q39WV0	reviewed	ackA Gmet_1034	269799	2.7.2.1	cytoplasm [GO:0005737]; acetate kinase activity [GO:0008776]; ATP binding [GO:0005524]; magnesium ion binding [GO:0000287]; acetyl-CoA biosynthetic process [GO:0006085]; organic acid metabolic process [GO:0006082]
Q39X01	reviewed	aroQ Gmet_0981	269799	4.2.1.10	3-dehydroquinate dehydratase activity [GO:0003855]; amino acid biosynthetic process [GO:0008652]; aromatic amino acid family biosynthetic process [GO:0009073]; chorismate biosynthetic process [GO:0009423]
Q39X04	reviewed	aroB Gmet_0978	269799	4.2.3.4	cytoplasm [GO:0005737]; 3-dehydroquinate synthase activity [GO:0003856]; metal ion binding [GO:0046872]; nucleotide binding [GO:0000166]; amino acid biosynthetic process [GO:0008652]; aromatic amino acid family biosynthetic process [GO:0009073]; chorismate biosynthetic process [GO:0009423]
Q39X05	reviewed	aroK Gmet_0977	269799	2.7.1.71	cytoplasm [GO:0005737]; ATP binding [GO:0005524]; magnesium ion binding [GO:0000287]; shikimate kinase activity [GO:0004765]; amino acid biosynthetic process [GO:0008652]; aromatic amino acid family biosynthetic process [GO:0009073]; chorismate biosynthetic process [GO:0009423]
Q39X06	reviewed	aroC Gmet_0976	269799	4.2.3.5	chorismate synthase activity [GO:0004107]; amino acid biosynthetic process [GO:0008652]; aromatic amino acid family biosynthetic process [GO:0009073]; chorismate biosynthetic process [GO:0009423]
Q39X31	reviewed	secA Gmet_0951	269799	7.4.2.8	cytoplasm [GO:0005737]; plasma membrane [GO:0005886]; ATP binding [GO:0005524]; metal ion binding [GO:0046872]; protein-exporting ATPase activity [GO:0008564]; intracellular protein transmembrane transport [GO:0065002]; protein import [GO:0017038]; protein targeting [GO:0006605]
Q39X41	reviewed	nadK Gmet_0941	269799	2.7.1.23	cytoplasm [GO:0005737]; ATP binding [GO:0005524]; metal ion binding [GO:0046872]; NAD binding [GO:0051287]; NAD+ kinase activity [GO:0003951]; NAD metabolic process [GO:0019674]; NADP biosynthetic process [GO:0006741]
Q39X47	reviewed	rnhA Gmet_0935	269799	3.1.26.4	cytoplasm [GO:0005737]; magnesium ion binding [GO:0000287]; nucleic acid binding [GO:0003676]; RNA-DNA hybrid ribonuclease activity [GO:0004523]; RNA catabolic process [GO:0006401]
Q39X62	reviewed	gmhA Gmet_0920	269799	5.3.1.28	cytoplasm [GO:0005737]; carbohydrate derivative binding [GO:0097367]; D-sedoheptulose 7-phosphate isomerase activity [GO:0008968]; zinc ion binding [GO:0008270]; carbohydrate metabolic process [GO:0005975]; D-glycero-D-manno-heptose 7-phosphate biosynthetic process [GO:2001061]
Q39X78	reviewed	speA Gmet_0904	269799	4.1.1.19	arginine decarboxylase activity [GO:0008792]; metal ion binding [GO:0046872]; arginine catabolic process [GO:0006527]; spermidine biosynthetic process [GO:0008295]
Q39X87	reviewed	Gmet_0895	269799	3.6.1.9	cytoplasm [GO:0005737]; dTTP diphosphatase activity [GO:0036218]; UTP diphosphatase activity [GO:0036221]; nucleotide metabolic process [GO:0009117]
Q39X89	reviewed	trmFO gid Gmet_0893	269799	2.1.1.74	cytoplasm [GO:0005737]; flavin adenine dinucleotide binding [GO:0050660]; tRNA (uracil(54)-C5)-methyltransferase activity, 5,10-methylenetetrahydrofolate-dependent [GO:0047151]; methylation [GO:0032259]; tRNA processing [GO:0008033]
Q39XA9	reviewed	mnmA Gmet_0873	269799	2.8.1.13	cytoplasm [GO:0005737]; ATP binding [GO:0005524]; tRNA binding [GO:0000049]; tRNA-uridine 2-sulfurtransferase activity [GO:0103016]; tRNA modification [GO:0006400]
Q39XB6	reviewed	ispH Gmet_0866	269799	1.17.7.4	4 iron, 4 sulfur cluster binding [GO:0051539]; 4-hydroxy-3-methylbut-2-enyl diphosphate reductase activity [GO:0051745]; metal ion binding [GO:0046872]; dimethylallyl diphosphate biosynthetic process [GO:0050992]; isopentenyl diphosphate biosynthetic process, methylerythritol 4-phosphate pathway [GO:0019288]; terpenoid biosynthetic process [GO:0016114]
Q39XB8	reviewed	aroA Gmet_0864	269799	2.5.1.19	cytoplasm [GO:0005737]; 3-phosphoshikimate 1-carboxyvinyltransferase activity [GO:0003866]; amino acid biosynthetic process [GO:0008652]; aromatic amino acid family biosynthetic process [GO:0009073]; chorismate biosynthetic process [GO:0009423]
Q39XE0	reviewed	bioF Gmet_0842	269799	2.3.1.47	8-amino-7-oxononanoate synthase activity [GO:0008710]; pyridoxal phosphate binding [GO:0030170]; biotin biosynthetic process [GO:0009102]
Q39XL1	reviewed	Gmet_0771	269799	1.6.5.2	flavin adenine dinucleotide binding [GO:0050660]; FMN binding [GO:0010181]; NAD binding [GO:0051287]; NADH:ubiquinone reductase (non-electrogenic) activity [GO:0050136]; NADP binding [GO:0050661]; NADPH dehydrogenase (quinone) activity [GO:0008753]
Q39XN6	reviewed	ruvB Gmet_0746	269799	3.6.4.-	cytoplasm [GO:0005737]; Holliday junction resolvase complex [GO:0048476]; ATP binding [GO:0005524]; ATP hydrolysis activity [GO:0016887]; four-way junction DNA binding [GO:0000400]; four-way junction helicase activity [GO:0009378]; DNA recombination [GO:0006310]; DNA repair [GO:0006281]
Q39XN8	reviewed	ruvC Gmet_0744	269799	3.1.21.10	cytoplasm [GO:0005737]; Holliday junction resolvase complex [GO:0048476]; crossover junction DNA endonuclease activity [GO:0008821]; DNA binding [GO:0003677]; magnesium ion binding [GO:0000287]; DNA recombination [GO:0006310]; DNA repair [GO:0006281]
Q39XX9	reviewed	rpoA Gmet_0653	269799	2.7.7.6	cytoplasm [GO:0005737]; DNA-directed RNA polymerase complex [GO:0000428]; DNA binding [GO:0003677]; DNA-directed 5'-3' RNA polymerase activity [GO:0003899]; protein dimerization activity [GO:0046983]; DNA-templated transcription [GO:0006351]
Q39XZ3	reviewed	rpsZ rpsN Gmet_0639	269799		cytoplasm [GO:0005737]; ribonucleoprotein complex [GO:1990904]; ribosome [GO:0005840]; rRNA binding [GO:0019843]; structural constituent of ribosome [GO:0003735]; zinc ion binding [GO:0008270]; translation [GO:0006412]
Q39Y12	reviewed	rpoC Gmet_0620	269799	2.7.7.6	DNA-directed RNA polymerase complex [GO:0000428]; DNA binding [GO:0003677]; DNA-directed 5'-3' RNA polymerase activity [GO:0003899]; magnesium ion binding [GO:0000287]; zinc ion binding [GO:0008270]; DNA-templated transcription [GO:0006351]
Q39Y23	reviewed	argC Gmet_0608	269799	1.2.1.38	cytoplasm [GO:0005737]; N-acetyl-gamma-glutamyl-phosphate reductase activity [GO:0003942]; NAD binding [GO:0051287]; NADP+ binding [GO:0070401]; arginine biosynthetic process [GO:0006526]
Q39Y29	reviewed	leuB Gmet_0602	269799	1.1.1.85	cytoplasm [GO:0005737]; 3-isopropylmalate dehydrogenase activity [GO:0003862]; magnesium ion binding [GO:0000287]; NAD binding [GO:0051287]; L-leucine biosynthetic process [GO:0009098]
Q39YG0	reviewed	bzaF thiC-2 Gmet_0471	269799	4.1.99.23	4 iron, 4 sulfur cluster binding [GO:0051539]; lyase activity [GO:0016829]; metal ion binding [GO:0046872]; cobalamin biosynthetic process [GO:0009236]; thiamine biosynthetic process [GO:0009228]
Q39YL7	reviewed	murB Gmet_0414	269799	1.3.1.98	cytoplasm [GO:0005737]; FAD binding [GO:0071949]; UDP-N-acetylmuramate dehydrogenase activity [GO:0008762]; cell division [GO:0051301]; cell wall organization [GO:0071555]; peptidoglycan biosynthetic process [GO:0009252]; regulation of cell shape [GO:0008360]
Q39YL8	reviewed	murC Gmet_0413	269799	6.3.2.8	cytoplasm [GO:0005737]; ATP binding [GO:0005524]; UDP-N-acetylmuramate-L-alanine ligase activity [GO:0008763]; cell division [GO:0051301]; cell wall organization [GO:0071555]; peptidoglycan biosynthetic process [GO:0009252]; regulation of cell shape [GO:0008360]
Q39YL9	reviewed	murG Gmet_0412	269799	2.4.1.227	plasma membrane [GO:0005886]; UDP-N-acetyl-D-glucosamine:N-acetylmuramoyl-L-alanyl-D-glutamyl-meso-2,6-diaminopimelyl-D-alanyl-D-alanine-diphosphoundecaprenol 4-beta-N-acetylglucosaminlytransferase activity [GO:0051991]; undecaprenyldiphospho-muramoylpentapeptide beta-N-acetylglucosaminyltransferase activity [GO:0050511]; carbohydrate metabolic process [GO:0005975]; cell division [GO:0051301]; cell wall organization [GO:0071555]; lipid glycosylation [GO:0030259]; peptidoglycan biosynthetic process [GO:0009252]; regulation of cell shape [GO:0008360]
Q39YM0	reviewed	ftsW Gmet_0411	269799	2.4.99.28	plasma membrane [GO:0005886]; peptidoglycan glycosyltransferase activity [GO:0008955]; cell division [GO:0051301]; cell wall organization [GO:0071555]; peptidoglycan biosynthetic process [GO:0009252]; regulation of cell shape [GO:0008360]
Q39YM1	reviewed	murD Gmet_0410	269799	6.3.2.9	cytoplasm [GO:0005737]; ATP binding [GO:0005524]; UDP-N-acetylmuramoylalanine-D-glutamate ligase activity [GO:0008764]; cell division [GO:0051301]; cell wall organization [GO:0071555]; peptidoglycan biosynthetic process [GO:0009252]; regulation of cell shape [GO:0008360]
Q39YM2	reviewed	mraY Gmet_0409	269799	2.7.8.13	plasma membrane [GO:0005886]; metal ion binding [GO:0046872]; phospho-N-acetylmuramoyl-pentapeptide-transferase activity [GO:0008963]; UDP-N-acetylmuramoyl-L-alanyl-D-glutamyl-meso-2,6-diaminopimelyl-D-alanyl-D-alanine:undecaprenyl-phosphate transferase activity [GO:0051992]; cell division [GO:0051301]; cell wall organization [GO:0071555]; peptidoglycan biosynthetic process [GO:0009252]; regulation of cell shape [GO:0008360]
Q39YP2	reviewed	hisF Gmet_0389	269799	4.3.2.10	cytoplasm [GO:0005737]; imidazoleglycerol-phosphate synthase activity [GO:0000107]; lyase activity [GO:0016829]; L-histidine biosynthetic process [GO:0000105]
Q39YP4	reviewed	hisH Gmet_0387	269799	3.5.1.2; 4.3.2.10	cytoplasm [GO:0005737]; glutaminase activity [GO:0004359]; imidazoleglycerol-phosphate synthase activity [GO:0000107]; lyase activity [GO:0016829]; glutamine metabolic process [GO:0006541]; L-histidine biosynthetic process [GO:0000105]
Q39YP7	reviewed	hisD Gmet_0384	269799	1.1.1.23	histidinol dehydrogenase activity [GO:0004399]; NAD binding [GO:0051287]; zinc ion binding [GO:0008270]; L-histidine biosynthetic process [GO:0000105]
Q39YP9	reviewed	murA Gmet_0382	269799	2.5.1.7	cytoplasm [GO:0005737]; UDP-N-acetylglucosamine 1-carboxyvinyltransferase activity [GO:0008760]; cell division [GO:0051301]; cell wall organization [GO:0071555]; peptidoglycan biosynthetic process [GO:0009252]; regulation of cell shape [GO:0008360]; UDP-N-acetylgalactosamine biosynthetic process [GO:0019277]
Q39YS9	reviewed	lspA Gmet_0352	269799	3.4.23.36	plasma membrane [GO:0005886]; aspartic-type endopeptidase activity [GO:0004190]; proteolysis [GO:0006508]
Q39Z32	reviewed	folD1 Gmet_0247	269799	1.5.1.5; 3.5.4.9	methenyltetrahydrofolate cyclohydrolase activity [GO:0004477]; methylenetetrahydrofolate dehydrogenase (NADP+) activity [GO:0004488]; L-histidine biosynthetic process [GO:0000105]; methionine biosynthetic process [GO:0009086]; purine nucleotide biosynthetic process [GO:0006164]; tetrahydrofolate interconversion [GO:0035999]
Q39Z65	reviewed	dapL Gmet_0213	269799	2.6.1.83	L,L-diaminopimelate aminotransferase activity [GO:0010285]; pyridoxal phosphate binding [GO:0030170]; lysine biosynthetic process via diaminopimelate [GO:0009089]
Q39Z66	reviewed	dapB Gmet_0212	269799	1.17.1.8	cytoplasm [GO:0005737]; 4-hydroxy-tetrahydrodipicolinate reductase [GO:0008839]; NAD binding [GO:0051287]; NADP binding [GO:0050661]; oxidoreductase activity, acting on CH or CH2 groups, NAD or NADP as acceptor [GO:0016726]; diaminopimelate biosynthetic process [GO:0019877]; lysine biosynthetic process via diaminopimelate [GO:0009089]
Q39Z67	reviewed	dapA Gmet_0211	269799	4.3.3.7	cytoplasm [GO:0005737]; 4-hydroxy-tetrahydrodipicolinate synthase activity [GO:0008840]; diaminopimelate biosynthetic process [GO:0019877]; lysine biosynthetic process via diaminopimelate [GO:0009089]
Q39Z75	reviewed	argB Gmet_0203	269799	2.7.2.8	cytoplasm [GO:0005737]; acetylglutamate kinase activity [GO:0003991]; ATP binding [GO:0005524]; arginine biosynthetic process via ornithine [GO:0042450]
Q39Z77	reviewed	alaS Gmet_0201	269799	6.1.1.7	cytoplasm [GO:0005737]; alanine-tRNA ligase activity [GO:0004813]; ATP binding [GO:0005524]; tRNA binding [GO:0000049]; zinc ion binding [GO:0008270]; alanyl-tRNA aminoacylation [GO:0006419]
Q39Z80	reviewed	recA Gmet_0198	269799		cytoplasm [GO:0005737]; ATP binding [GO:0005524]; ATP hydrolysis activity [GO:0016887]; ATP-dependent DNA damage sensor activity [GO:0140664]; damaged DNA binding [GO:0003684]; single-stranded DNA binding [GO:0003697]; DNA recombination [GO:0006310]; DNA repair [GO:0006281]; SOS response [GO:0009432]
Q39ZA5	reviewed	nuoN Gmet_0172	269799	7.1.1.-	plasma membrane [GO:0005886]; NADH dehydrogenase (ubiquinone) activity [GO:0008137]; NADH:ubiquinone reductase (non-electrogenic) activity [GO:0050136]; quinone binding [GO:0048038]; ATP synthesis coupled electron transport [GO:0042773]
Q39ZB0	reviewed	nuoK1 Gmet_0167	269799	7.1.1.-	plasma membrane [GO:0005886]; NADH:ubiquinone reductase (non-electrogenic) activity [GO:0050136]; quinone binding [GO:0048038]; ATP synthesis coupled electron transport [GO:0042773]
Q39ZB4	reviewed	nuoI1 Gmet_0163	269799	7.1.1.-	plasma membrane [GO:0005886]; 4 iron, 4 sulfur cluster binding [GO:0051539]; iron ion binding [GO:0005506]; NADH:ubiquinone reductase (non-electrogenic) activity [GO:0050136]; quinone binding [GO:0048038]
Q39ZC4	reviewed	nuoBCD nuoB nuoC nuoD Gmet_0153	269799	7.1.1.-	plasma membrane [GO:0005886]; 4 iron, 4 sulfur cluster binding [GO:0051539]; iron ion binding [GO:0005506]; NAD binding [GO:0051287]; NADH dehydrogenase (ubiquinone) activity [GO:0008137]; NADH:ubiquinone reductase (non-electrogenic) activity [GO:0050136]; quinone binding [GO:0048038]
Q39ZC5	reviewed	nuoA1 Gmet_0152	269799	7.1.1.-	plasma membrane [GO:0005886]; NADH dehydrogenase (ubiquinone) activity [GO:0008137]; NADH:ubiquinone reductase (non-electrogenic) activity [GO:0050136]; quinone binding [GO:0048038]
Q39ZK3	reviewed	mtnA Gmet_0072	269799	5.3.1.23	S-methyl-5-thioribose-1-phosphate isomerase activity [GO:0046523]; L-methionine salvage from methylthioadenosine [GO:0019509]; L-methionine salvage from S-adenosylmethionine [GO:0019284]
Q39ZL6	reviewed	ispF Gmet_0059	269799	4.6.1.12	2-C-methyl-D-erythritol 2,4-cyclodiphosphate synthase activity [GO:0008685]; metal ion binding [GO:0046872]; isopentenyl diphosphate biosynthetic process, methylerythritol 4-phosphate pathway [GO:0019288]; terpenoid biosynthetic process [GO:0016114]
Q39ZP5	reviewed	groEL groL Gmet_0029	269799	5.6.1.7	cytoplasm [GO:0005737]; ATP binding [GO:0005524]; ATP-dependent protein folding chaperone [GO:0140662]; isomerase activity [GO:0016853]; unfolded protein binding [GO:0051082]; protein refolding [GO:0042026]
Q39ZQ5	reviewed	hemH Gmet_0019	269799	4.98.1.1	cytoplasm [GO:0005737]; ferrochelatase activity [GO:0004325]; metal ion binding [GO:0046872]; heme biosynthetic process [GO:0006783]
Q39ZQ8	reviewed	hemE Gmet_0016	269799	4.1.1.37	cytoplasm [GO:0005737]; uroporphyrinogen decarboxylase activity [GO:0004853]; protoporphyrinogen IX biosynthetic process [GO:0006782]
Q39ZR6	reviewed	gpsA Gmet_0008	269799	1.1.1.94	cytoplasm [GO:0005737]; glycerol-3-phosphate dehydrogenase (NADP+) activity [GO:0141153]; glycerol-3-phosphate dehydrogenase [NAD(P)+] activity [GO:0047952]; NAD binding [GO:0051287]; carbohydrate metabolic process [GO:0005975]; glycerol-3-phosphate biosynthetic process [GO:0046167]; glycerol-3-phosphate catabolic process [GO:0046168]; glycerophospholipid metabolic process [GO:0006650]; phospholipid biosynthetic process [GO:0008654]
Q39PQ5	reviewed	rpmH Gmet_3564	269799		ribonucleoprotein complex [GO:1990904]; ribosome [GO:0005840]; structural constituent of ribosome [GO:0003735]; translation [GO:0006412]
Q39PQ8	reviewed	yidC Gmet_3561	269799		plasma membrane [GO:0005886]; membrane insertase activity [GO:0032977]; protein transport [GO:0015031]
Q39PR0	reviewed	mnmG gidA Gmet_3559	269799		cytoplasm [GO:0005737]; flavin adenine dinucleotide binding [GO:0050660]; tRNA wobble uridine modification [GO:0002098]
Q39PR1	reviewed	rsmG Gmet_3558	269799	2.1.1.170	cytoplasm [GO:0005737]; rRNA (guanine-N7-)-methyltransferase activity [GO:0070043]
Q39PS5	reviewed	nadA Gmet_3544	269799	2.5.1.72	cytoplasm [GO:0005737]; 4 iron, 4 sulfur cluster binding [GO:0051539]; metal ion binding [GO:0046872]; quinolinate synthetase A activity [GO:0008987]; NAD biosynthetic process [GO:0009435]
Q39PS9	reviewed	tolB Gmet_3540	269799		periplasmic space [GO:0042597]; cell division [GO:0051301]; protein import [GO:0017038]
Q39PT6	reviewed	grpE Gmet_3533	269799		cytoplasm [GO:0005737]; adenyl-nucleotide exchange factor activity [GO:0000774]; protein homodimerization activity [GO:0042803]; protein-folding chaperone binding [GO:0051087]; protein folding [GO:0006457]
Q39PT7	reviewed	dnaK Gmet_3532	269799		ATP binding [GO:0005524]; ATP-dependent protein folding chaperone [GO:0140662]; unfolded protein binding [GO:0051082]
Q39Q42	reviewed	recR Gmet_3420	269799		DNA binding [GO:0003677]; metal ion binding [GO:0046872]; DNA recombination [GO:0006310]; DNA repair [GO:0006281]
Q39Q52	reviewed	atpF Gmet_3410	269799		plasma membrane [GO:0005886]; proton-transporting ATP synthase complex, coupling factor F(o) [GO:0045263]; proton-transporting ATP synthase activity, rotational mechanism [GO:0046933]
Q39Q53	reviewed	atpH Gmet_3409	269799		plasma membrane [GO:0005886]; proton-transporting ATP synthase complex, catalytic core F(1) [GO:0045261]; proton-transporting ATP synthase activity, rotational mechanism [GO:0046933]
Q39Q55	reviewed	atpG Gmet_3407	269799		plasma membrane [GO:0005886]; proton-transporting ATP synthase complex, catalytic core F(1) [GO:0045261]; ATP binding [GO:0005524]; proton-transporting ATP synthase activity, rotational mechanism [GO:0046933]; proton motive force-driven plasma membrane ATP synthesis [GO:0042777]
Q39Q57	reviewed	atpC Gmet_3405	269799		plasma membrane [GO:0005886]; proton-transporting ATP synthase complex, catalytic core F(1) [GO:0045261]; ATP binding [GO:0005524]; proton-transporting ATP synthase activity, rotational mechanism [GO:0046933]
Q39Q76	reviewed	prmA Gmet_3386	269799	2.1.1.-	cytoplasm [GO:0005737]; histone methyltransferase activity [GO:0042054]; methylation [GO:0032259]
Q39Q78	reviewed	Gmet_3384	269799	2.7.11.32; 2.7.4.27	ADP binding [GO:0043531]; ATP binding [GO:0005524]; phosphotransferase activity, phosphate group as acceptor [GO:0016776]; protein serine/threonine kinase activity [GO:0004674]
Q39QA3	reviewed	atpB Gmet_3359	269799		plasma membrane [GO:0005886]; proton-transporting ATP synthase complex, coupling factor F(o) [GO:0045263]; proton-transporting ATP synthase activity, rotational mechanism [GO:0046933]
Q39QA9	reviewed	nuoC Gmet_3353	269799	7.1.1.-	plasma membrane [GO:0005886]; NADH dehydrogenase (ubiquinone) activity [GO:0008137]; NADH:ubiquinone reductase (non-electrogenic) activity [GO:0050136]; quinone binding [GO:0048038]
Q39QB0	reviewed	nuoD Gmet_3352	269799	7.1.1.-	plasma membrane [GO:0005886]; NAD binding [GO:0051287]; NADH:ubiquinone reductase (non-electrogenic) activity [GO:0050136]; quinone binding [GO:0048038]
Q39QB4	reviewed	nuoH2 Gmet_3348	269799	7.1.1.-	plasma membrane [GO:0005886]; oxidoreductase activity, acting on NAD(P)H, quinone or similar compound as acceptor [GO:0016655]; quinone binding [GO:0048038]
Q39QC2	reviewed	fmt Gmet_3339	269799	2.1.2.9	methionyl-tRNA formyltransferase activity [GO:0004479]
Q39QK2	reviewed	hisZ Gmet_3259	269799		cytoplasm [GO:0005737]; histidine-tRNA ligase activity [GO:0004821]; histidyl-tRNA aminoacylation [GO:0006427]; L-histidine biosynthetic process [GO:0000105]
Q39QN3	reviewed	uvrC Gmet_3228	269799		cytoplasm [GO:0005737]; excinuclease repair complex [GO:0009380]; DNA binding [GO:0003677]; excinuclease ABC activity [GO:0009381]; nucleotide-excision repair [GO:0006289]; SOS response [GO:0009432]
Q39QP4	reviewed	tatA Gmet_3217	269799		TAT protein transport complex [GO:0033281]; protein transmembrane transporter activity [GO:0008320]; protein transport by the Tat complex [GO:0043953]
Q39QQ2	reviewed	cheD2 Gmet_3209	269799	3.5.1.44	protein-glutamine glutaminase activity [GO:0050568]; chemotaxis [GO:0006935]
Q39QQ9	reviewed	rlmH Gmet_3202	269799	2.1.1.177	cytoplasm [GO:0005737]; rRNA (pseudouridine-N3-)-methyltransferase activity [GO:0070038]
Q39QR1	reviewed	nadD Gmet_3200	269799	2.7.7.18	ATP binding [GO:0005524]; nicotinate-nucleotide adenylyltransferase activity [GO:0004515]; NAD biosynthetic process [GO:0009435]
Q39QR2	reviewed	proA Gmet_3199	269799	1.2.1.41	cytoplasm [GO:0005737]; glutamate-5-semialdehyde dehydrogenase activity [GO:0004350]; NADP binding [GO:0050661]; L-proline biosynthetic process [GO:0055129]
Q39QR5	reviewed	rpmA Gmet_3196	269799		ribonucleoprotein complex [GO:1990904]; ribosome [GO:0005840]; structural constituent of ribosome [GO:0003735]; translation [GO:0006412]
Q39QR6	reviewed	rplU Gmet_3195	269799		cytoplasm [GO:0005737]; ribonucleoprotein complex [GO:1990904]; ribosome [GO:0005840]; rRNA binding [GO:0019843]; structural constituent of ribosome [GO:0003735]; translation [GO:0006412]
Q39QT6	reviewed	glgA2 Gmet_3175	269799	2.4.1.21	alpha-1,4-glucan synthase activity [GO:0033201]; glycogen (starch) synthase activity [GO:0004373]; starch synthase activity [GO:0009011]; glycogen biosynthetic process [GO:0005978]
Q39QV5	reviewed	hypA Gmet_3156	269799		nickel cation binding [GO:0016151]; zinc ion binding [GO:0008270]; protein maturation [GO:0051604]; protein modification process [GO:0036211]
Q39R36	reviewed	folE2 Gmet_3074	269799	3.5.4.16	GTP cyclohydrolase I activity [GO:0003934]
Q39R75	reviewed	trmB Gmet_3034	269799	2.1.1.33	tRNA (guanine(46)-N7)-methyltransferase activity [GO:0008176]
Q39R76	reviewed	truD Gmet_3033	269799	5.4.99.27	RNA binding [GO:0003723]; tRNA pseudouridine(13) synthase activity [GO:0160150]; tRNA pseudouridine synthesis [GO:0031119]
Q39R93	reviewed	fluC crcB Gmet_3016	269799		plasma membrane [GO:0005886]; fluoride channel activity [GO:0062054]; metal ion binding [GO:0046872]; cellular detoxification of fluoride [GO:0140114]
Q39RG3	reviewed	recO Gmet_2943	269799		DNA recombination [GO:0006310]; DNA repair [GO:0006281]
Q39RG4	reviewed	glyQ Gmet_2942	269799	6.1.1.14	cytosol [GO:0005829]; ATP binding [GO:0005524]; glycine-tRNA ligase activity [GO:0004820]; glycyl-tRNA aminoacylation [GO:0006426]
Q39RG5	reviewed	glyS Gmet_2941	269799	6.1.1.14	cytoplasm [GO:0005737]; ATP binding [GO:0005524]; glycine-tRNA ligase activity [GO:0004820]; glycyl-tRNA aminoacylation [GO:0006426]
Q39RN5	reviewed	rpsP Gmet_2871	269799		cytoplasm [GO:0005737]; ribonucleoprotein complex [GO:1990904]; ribosome [GO:0005840]; structural constituent of ribosome [GO:0003735]; translation [GO:0006412]
Q39RN7	reviewed	rimM Gmet_2869	269799		cytoplasm [GO:0005737]; ribosome [GO:0005840]; ribosome binding [GO:0043022]; ribosomal small subunit biogenesis [GO:0042274]; rRNA processing [GO:0006364]
Q39RP0	reviewed	rplS Gmet_2866	269799		ribonucleoprotein complex [GO:1990904]; ribosome [GO:0005840]; structural constituent of ribosome [GO:0003735]; translation [GO:0006412]
Q39RP7	reviewed	cysD Gmet_2859	269799	2.7.7.4	ATP binding [GO:0005524]; sulfate adenylyltransferase (ATP) activity [GO:0004781]; hydrogen sulfide biosynthetic process [GO:0070814]; sulfate assimilation [GO:0000103]
Q39RQ9	reviewed	rplY ctc Gmet_2847	269799		ribonucleoprotein complex [GO:1990904]; ribosome [GO:0005840]; 5S rRNA binding [GO:0008097]; structural constituent of ribosome [GO:0003735]; translation [GO:0006412]
Q39RR0	reviewed	pth Gmet_2846	269799	3.1.1.29	cytoplasm [GO:0005737]; aminoacyl-tRNA hydrolase activity [GO:0004045]; translation [GO:0006412]
Q39RR2	reviewed	rpsF Gmet_2844	269799		cytoplasm [GO:0005737]; ribonucleoprotein complex [GO:1990904]; ribosome [GO:0005840]; rRNA binding [GO:0019843]; structural constituent of ribosome [GO:0003735]; translation [GO:0006412]
Q39RR3	reviewed	rpsR Gmet_2843	269799		ribonucleoprotein complex [GO:1990904]; ribosome [GO:0005840]; rRNA binding [GO:0019843]; structural constituent of ribosome [GO:0003735]; translation [GO:0006412]
Q39RR5	reviewed	rplI Gmet_2841	269799		ribonucleoprotein complex [GO:1990904]; ribosome [GO:0005840]; rRNA binding [GO:0019843]; structural constituent of ribosome [GO:0003735]; translation [GO:0006412]
Q39S27	reviewed	acyP Gmet_2729	269799	3.6.1.7	acylphosphatase activity [GO:0003998]
Q39SM1	reviewed	cmoA Gmet_2532	269799	2.1.3.-	carboxyl- or carbamoyltransferase activity [GO:0016743]; S-adenosyl-L-methionine binding [GO:1904047]; tRNA wobble uridine modification [GO:0002098]
Q39SM2	reviewed	cmoB Gmet_2531	269799	2.5.1.-	methyltransferase activity [GO:0008168]; transferase activity, transferring alkyl or aryl (other than methyl) groups [GO:0016765]; tRNA wobble uridine modification [GO:0002098]
Q39SN1	reviewed	mscL Gmet_2522	269799		plasma membrane [GO:0005886]; mechanosensitive monoatomic ion channel activity [GO:0008381]
Q39SN2	reviewed	fusA2 Gmet_2521	269799		cytoplasm [GO:0005737]; GTP binding [GO:0005525]; GTPase activity [GO:0003924]; translation elongation factor activity [GO:0003746]
Q39SQ3	reviewed	htpG Gmet_2498	269799		cytoplasm [GO:0005737]; ATP binding [GO:0005524]; ATP hydrolysis activity [GO:0016887]; ATP-dependent protein folding chaperone [GO:0140662]; unfolded protein binding [GO:0051082]
Q39SQ6	reviewed	trpD Gmet_2495	269799	2.4.2.18	anthranilate phosphoribosyltransferase activity [GO:0004048]; magnesium ion binding [GO:0000287]; tryptophan biosynthetic process [GO:0000162]
Q39SQ9	reviewed	trpF Gmet_2492	269799	5.3.1.24	phosphoribosylanthranilate isomerase activity [GO:0004640]; tryptophan biosynthetic process [GO:0000162]
Q39SS2	reviewed	trpA Gmet_2477	269799	4.2.1.20	tryptophan synthase activity [GO:0004834]
Q39SW4	reviewed	kdpC Gmet_2435	269799		plasma membrane [GO:0005886]; ATP binding [GO:0005524]; P-type potassium transmembrane transporter activity [GO:0008556]
Q39SW6	reviewed	kdpA Gmet_2433	269799		plasma membrane [GO:0005886]; P-type potassium transmembrane transporter activity [GO:0008556]; potassium ion binding [GO:0030955]
Q39SY7	reviewed	asnS Gmet_2412	269799	6.1.1.22	cytoplasm [GO:0005737]; asparagine-tRNA ligase activity [GO:0004816]; ATP binding [GO:0005524]; nucleic acid binding [GO:0003676]; asparaginyl-tRNA aminoacylation [GO:0006421]
Q39T29	reviewed	ybeY Gmet_2370	269799	3.1.-.-	cytoplasm [GO:0005737]; metalloendopeptidase activity [GO:0004222]; RNA endonuclease activity [GO:0004521]; zinc ion binding [GO:0008270]; rRNA processing [GO:0006364]
Q39T41	reviewed	lolD Gmet_2358	269799	7.6.2.-	plasma membrane [GO:0005886]; ATP binding [GO:0005524]; ATP hydrolysis activity [GO:0016887]
Q39T44	reviewed	lpxD Gmet_2355	269799	2.3.1.191	N-acyltransferase activity [GO:0016410]; lipid A biosynthetic process [GO:0009245]
Q39T45	reviewed	fabZ Gmet_2354	269799	4.2.1.59	cytoplasm [GO:0005737]; (3R)-hydroxyacyl-[acyl-carrier-protein] dehydratase activity [GO:0019171]; fatty acid biosynthetic process [GO:0006633]; lipid A biosynthetic process [GO:0009245]
Q39T49	reviewed	lpxB Gmet_2350	269799	2.4.1.182	lipid-A-disaccharide synthase activity [GO:0008915]; lipid A biosynthetic process [GO:0009245]
Q39T52	reviewed	lpxK Gmet_2347	269799	2.7.1.130	ATP binding [GO:0005524]; tetraacyldisaccharide 4'-kinase activity [GO:0009029]; lipid A biosynthetic process [GO:0009245]
Q39T72	reviewed	gmk Gmet_2327	269799	2.7.4.8	cytoplasm [GO:0005737]; ATP binding [GO:0005524]; guanylate kinase activity [GO:0004385]
Q39T73	reviewed	rpoZ Gmet_2326	269799	2.7.7.6	DNA-directed RNA polymerase complex [GO:0000428]; DNA binding [GO:0003677]; DNA-directed 5'-3' RNA polymerase activity [GO:0003899]; DNA-templated transcription [GO:0006351]
Q39T76	reviewed	rpmB Gmet_2323	269799		ribonucleoprotein complex [GO:1990904]; ribosome [GO:0005840]; structural constituent of ribosome [GO:0003735]; translation [GO:0006412]
Q39T85	reviewed	der engA Gmet_2314	269799		GTP binding [GO:0005525]; ribosome biogenesis [GO:0042254]
Q39T99	reviewed	leuS Gmet_2300	269799	6.1.1.4	cytoplasm [GO:0005737]; aminoacyl-tRNA editing activity [GO:0002161]; ATP binding [GO:0005524]; leucine-tRNA ligase activity [GO:0004823]; leucyl-tRNA aminoacylation [GO:0006429]
Q39TA2	reviewed	rpsT Gmet_2297	269799		ribonucleoprotein complex [GO:1990904]; ribosome [GO:0005840]; rRNA binding [GO:0019843]; structural constituent of ribosome [GO:0003735]; translation [GO:0006412]
Q39U98	reviewed	pgk Gmet_1947	269799	2.7.2.3	cytoplasm [GO:0005737]; ATP binding [GO:0005524]; phosphoglycerate kinase activity [GO:0004618]; glycolytic process [GO:0006096]
Q39UA9	reviewed	xseB Gmet_1936	269799	3.1.11.6	cytoplasm [GO:0005737]; exodeoxyribonuclease VII complex [GO:0009318]; exodeoxyribonuclease VII activity [GO:0008855]; DNA catabolic process [GO:0006308]
Q39UC4	reviewed	fbp Gmet_1921	269799	3.1.3.11	cytoplasm [GO:0005737]; fructose 1,6-bisphosphate 1-phosphatase activity [GO:0042132]; magnesium ion binding [GO:0000287]; gluconeogenesis [GO:0006094]
Q39UD2	reviewed	hisS Gmet_1913	269799	6.1.1.21	cytoplasm [GO:0005737]; ATP binding [GO:0005524]; histidine-tRNA ligase activity [GO:0004821]; histidyl-tRNA aminoacylation [GO:0006427]
Q39UF9	reviewed	glmM Gmet_1886	269799	5.4.2.10	magnesium ion binding [GO:0000287]; phosphoglucosamine mutase activity [GO:0008966]; carbohydrate metabolic process [GO:0005975]
Q39UG1	reviewed	acpS Gmet_1884	269799	2.7.8.7	cytoplasm [GO:0005737]; holo-[acyl-carrier-protein] synthase activity [GO:0008897]; magnesium ion binding [GO:0000287]; fatty acid biosynthetic process [GO:0006633]
Q39UH2	reviewed	clpP Gmet_1873	269799	3.4.21.92	cytoplasm [GO:0005737]; ATP-dependent peptidase activity [GO:0004176]; serine-type endopeptidase activity [GO:0004252]; proteolysis [GO:0006508]
Q39UH3	reviewed	clpX Gmet_1872	269799		ATP binding [GO:0005524]; ATP hydrolysis activity [GO:0016887]; ATP-dependent protein folding chaperone [GO:0140662]; protein dimerization activity [GO:0046983]; unfolded protein binding [GO:0051082]; zinc ion binding [GO:0008270]
Q39UJ7	reviewed	xseA Gmet_1848	269799	3.1.11.6	cytoplasm [GO:0005737]; exodeoxyribonuclease VII complex [GO:0009318]; exodeoxyribonuclease VII activity [GO:0008855]; nucleic acid binding [GO:0003676]; DNA catabolic process [GO:0006308]
Q39UK1	reviewed	purM Gmet_1844	269799	6.3.3.1	cytoplasm [GO:0005737]; ATP binding [GO:0005524]; phosphoribosylformylglycinamidine cyclo-ligase activity [GO:0004641]; 'de novo' IMP biosynthetic process [GO:0006189]
Q39UK8	reviewed	infA Gmet_1837	269799		cytoplasm [GO:0005737]; ribosome binding [GO:0043022]; rRNA binding [GO:0019843]; translation initiation factor activity [GO:0003743]
Q39V47	reviewed	smpB Gmet_1646	269799		cytoplasm [GO:0005737]; RNA binding [GO:0003723]; trans-translation [GO:0070929]
Q39V65	reviewed	nusB Gmet_1628	269799		RNA binding [GO:0003723]; DNA-templated transcription termination [GO:0006353]; transcription antitermination [GO:0031564]
Q39V66	reviewed	ribH Gmet_1627	269799	2.5.1.78	riboflavin synthase complex [GO:0009349]; 6,7-dimethyl-8-ribityllumazine synthase activity [GO:0000906]; riboflavin biosynthetic process [GO:0009231]
Q39V70	reviewed	nrdR Gmet_1623	269799		ATP binding [GO:0005524]; DNA binding [GO:0003677]; zinc ion binding [GO:0008270]; negative regulation of DNA-templated transcription [GO:0045892]
Q39V90	reviewed	acpP Gmet_1602	269799		cytoplasm [GO:0005737]; acyl carrier activity [GO:0000036]
Q39V95	reviewed	rpmF Gmet_1597	269799		large ribosomal subunit [GO:0015934]; structural constituent of ribosome [GO:0003735]; translation [GO:0006412]
Q39V99	reviewed	dut Gmet_1593	269799	3.6.1.23	dUTP diphosphatase activity [GO:0004170]; magnesium ion binding [GO:0000287]; dUMP biosynthetic process [GO:0006226]; dUTP catabolic process [GO:0046081]
Q39VA2	reviewed	rpsO Gmet_1590	269799		cytoplasm [GO:0005737]; ribonucleoprotein complex [GO:1990904]; ribosome [GO:0005840]; rRNA binding [GO:0019843]; structural constituent of ribosome [GO:0003735]; translation [GO:0006412]
Q39VA3	reviewed	truB Gmet_1589	269799	5.4.99.25	RNA binding [GO:0003723]; tRNA pseudouridine(55) synthase activity [GO:0160148]; tRNA pseudouridine synthesis [GO:0031119]
Q39VA5	reviewed	rbfA Gmet_1587	269799		cytoplasm [GO:0005737]; maturation of SSU-rRNA [GO:0030490]
Q39VA6	reviewed	infB Gmet_1586	269799		cytoplasm [GO:0005737]; GTP binding [GO:0005525]; GTPase activity [GO:0003924]; translation initiation factor activity [GO:0003743]
Q39VA9	reviewed	rimP Gmet_1583	269799		cytoplasm [GO:0005737]; ribosomal small subunit biogenesis [GO:0042274]
Q39VQ6	reviewed	argS Gmet_1434	269799	6.1.1.19	cytoplasm [GO:0005737]; arginine-tRNA ligase activity [GO:0004814]; ATP binding [GO:0005524]; arginyl-tRNA aminoacylation [GO:0006420]
Q39VR6	reviewed	mutS Gmet_1424	269799		ATP binding [GO:0005524]; ATP-dependent DNA damage sensor activity [GO:0140664]; damaged DNA binding [GO:0003684]; mismatched DNA binding [GO:0030983]; mismatch repair [GO:0006298]
Q39VR8	reviewed	apt Gmet_1422	269799	2.4.2.7	cytoplasm [GO:0005737]; adenine phosphoribosyltransferase activity [GO:0003999]; adenine salvage [GO:0006168]; AMP salvage [GO:0044209]; purine ribonucleoside salvage [GO:0006166]
Q39VS1	reviewed	surE Gmet_1419	269799	3.1.3.5	cytoplasm [GO:0005737]; metal ion binding [GO:0046872]; nucleotide binding [GO:0000166]; XMP 5'-nucleosidase activity [GO:0106411]
Q39VS6	reviewed	rplT Gmet_1414	269799		ribonucleoprotein complex [GO:1990904]; ribosome [GO:0005840]; rRNA binding [GO:0019843]; structural constituent of ribosome [GO:0003735]; ribosomal large subunit assembly [GO:0000027]; translation [GO:0006412]
Q39VS7	reviewed	rpmI Gmet_1413	269799		ribonucleoprotein complex [GO:1990904]; ribosome [GO:0005840]; structural constituent of ribosome [GO:0003735]; translation [GO:0006412]
Q39VS8	reviewed	infC Gmet_1412	269799		cytoplasm [GO:0005737]; translation initiation factor activity [GO:0003743]
Q39VY0	reviewed	mdh Gmet_1360	269799	1.1.1.37	L-malate dehydrogenase activity [GO:0030060]; carboxylic acid metabolic process [GO:0019752]; tricarboxylic acid cycle [GO:0006099]
Q39VY6	reviewed	proS Gmet_1354	269799	6.1.1.15	cytoplasm [GO:0005737]; aminoacyl-tRNA editing activity [GO:0002161]; ATP binding [GO:0005524]; proline-tRNA ligase activity [GO:0004827]; prolyl-tRNA aminoacylation [GO:0006433]
Q39W52	reviewed	Gmet_1286	269799		ATP binding [GO:0005524]; GTP binding [GO:0005525]
Q39W61	reviewed	kdsA Gmet_1277	269799	2.5.1.55	cytoplasm [GO:0005737]; 3-deoxy-8-phosphooctulonate synthase activity [GO:0008676]; keto-3-deoxy-D-manno-octulosonic acid biosynthetic process [GO:0019294]
Q39W63	reviewed	kdsB Gmet_1275	269799	2.7.7.38	cytoplasm [GO:0005737]; 3-deoxy-manno-octulosonate cytidylyltransferase activity [GO:0008690]; CMP-keto-3-deoxy-D-manno-octulosonic acid biosynthetic process [GO:0033468]; lipopolysaccharide biosynthetic process [GO:0009103]
Q39W85	reviewed	frr Gmet_1253	269799		cytoplasm [GO:0005737]; translational termination [GO:0006415]
Q39W87	reviewed	tsf Gmet_1251	269799		cytoplasm [GO:0005737]; translation elongation factor activity [GO:0003746]
Q39W88	reviewed	rpsB Gmet_1250	269799		small ribosomal subunit [GO:0015935]; structural constituent of ribosome [GO:0003735]; translation [GO:0006412]
Q39WF6	reviewed	rny Gmet_1180	269799	3.1.-.-	plasma membrane [GO:0005886]; RNA binding [GO:0003723]; RNA endonuclease activity [GO:0004521]; mRNA catabolic process [GO:0006402]
Q39WP5	reviewed	nhaA Gmet_1089	269799		plasma membrane [GO:0005886]; antiporter activity [GO:0015297]; sodium ion transmembrane transporter activity [GO:0015081]; regulation of pH [GO:0006885]
Q39WQ8	reviewed	cheD1 Gmet_1076	269799	3.5.1.44	protein-glutamine glutaminase activity [GO:0050568]; chemotaxis [GO:0006935]
Q39WU7	reviewed	moaC Gmet_1037	269799	4.6.1.17	cyclic pyranopterin monophosphate synthase activity [GO:0061799]; Mo-molybdopterin cofactor biosynthetic process [GO:0006777]
Q39X66	reviewed	purC Gmet_0916	269799	6.3.2.6	ATP binding [GO:0005524]; phosphoribosylaminoimidazolesuccinocarboxamide synthase activity [GO:0004639]; 'de novo' IMP biosynthetic process [GO:0006189]
Q39XD1	reviewed	queA Gmet_0851	269799	2.4.99.17	cytoplasm [GO:0005737]; S-adenosylmethionine:tRNA ribosyltransferase-isomerase activity [GO:0051075]; queuosine biosynthetic process [GO:0008616]; tRNA modification [GO:0006400]
Q39XN7	reviewed	ruvA Gmet_0745	269799		cytoplasm [GO:0005737]; Holliday junction helicase complex [GO:0009379]; Holliday junction resolvase complex [GO:0048476]; ATP binding [GO:0005524]; four-way junction DNA binding [GO:0000400]; four-way junction helicase activity [GO:0009378]; DNA recombination [GO:0006310]; DNA repair [GO:0006281]
Q39XS5	reviewed	glgA1 Gmet_0707	269799	2.4.1.21	alpha-1,4-glucan synthase activity [GO:0033201]; glycogen (starch) synthase activity [GO:0004373]; starch synthase activity [GO:0009011]; glycogen biosynthetic process [GO:0005978]
Q39XX8	reviewed	rplQ Gmet_0654	269799		ribonucleoprotein complex [GO:1990904]; ribosome [GO:0005840]; structural constituent of ribosome [GO:0003735]; translation [GO:0006412]
Q39XY0	reviewed	rpsD Gmet_0652	269799		small ribosomal subunit [GO:0015935]; rRNA binding [GO:0019843]; structural constituent of ribosome [GO:0003735]; translation [GO:0006412]
Q39XY1	reviewed	rpsK Gmet_0651	269799		ribonucleoprotein complex [GO:1990904]; ribosome [GO:0005840]; rRNA binding [GO:0019843]; structural constituent of ribosome [GO:0003735]; translation [GO:0006412]
Q39XY2	reviewed	rpsM Gmet_0650	269799		ribonucleoprotein complex [GO:1990904]; ribosome [GO:0005840]; rRNA binding [GO:0019843]; structural constituent of ribosome [GO:0003735]; tRNA binding [GO:0000049]; translation [GO:0006412]
Q39XY3	reviewed	rpmJ Gmet_0649	269799		cytoplasm [GO:0005737]; ribonucleoprotein complex [GO:1990904]; ribosome [GO:0005840]; structural constituent of ribosome [GO:0003735]; translation [GO:0006412]
Q39XY7	reviewed	rplO Gmet_0645	269799		large ribosomal subunit [GO:0015934]; rRNA binding [GO:0019843]; structural constituent of ribosome [GO:0003735]; translation [GO:0006412]
Q39XY8	reviewed	rpmD Gmet_0644	269799		large ribosomal subunit [GO:0015934]; structural constituent of ribosome [GO:0003735]; translation [GO:0006412]
Q39XY9	reviewed	rpsE Gmet_0643	269799		cytoplasm [GO:0005737]; small ribosomal subunit [GO:0015935]; rRNA binding [GO:0019843]; structural constituent of ribosome [GO:0003735]; translation [GO:0006412]
Q39XZ0	reviewed	rplR Gmet_0642	269799		cytoplasm [GO:0005737]; ribonucleoprotein complex [GO:1990904]; ribosome [GO:0005840]; rRNA binding [GO:0019843]; structural constituent of ribosome [GO:0003735]; translation [GO:0006412]
Q39XZ1	reviewed	rplF Gmet_0641	269799		ribonucleoprotein complex [GO:1990904]; ribosome [GO:0005840]; rRNA binding [GO:0019843]; structural constituent of ribosome [GO:0003735]; translation [GO:0006412]
Q39XZ2	reviewed	rpsH Gmet_0640	269799		cytoplasm [GO:0005737]; ribonucleoprotein complex [GO:1990904]; ribosome [GO:0005840]; rRNA binding [GO:0019843]; structural constituent of ribosome [GO:0003735]; translation [GO:0006412]
Q39XZ4	reviewed	rplE Gmet_0638	269799		ribonucleoprotein complex [GO:1990904]; ribosome [GO:0005840]; rRNA binding [GO:0019843]; structural constituent of ribosome [GO:0003735]; tRNA binding [GO:0000049]; translation [GO:0006412]
Q39XZ5	reviewed	rplX Gmet_0637	269799		ribonucleoprotein complex [GO:1990904]; ribosome [GO:0005840]; rRNA binding [GO:0019843]; structural constituent of ribosome [GO:0003735]; translation [GO:0006412]
Q39XZ6	reviewed	rplN Gmet_0636	269799		large ribosomal subunit [GO:0015934]; rRNA binding [GO:0019843]; structural constituent of ribosome [GO:0003735]; translation [GO:0006412]
Q39XZ7	reviewed	rpsQ Gmet_0635	269799		ribonucleoprotein complex [GO:1990904]; ribosome [GO:0005840]; rRNA binding [GO:0019843]; structural constituent of ribosome [GO:0003735]; translation [GO:0006412]
Q39XZ8	reviewed	rpmC Gmet_0634	269799		ribonucleoprotein complex [GO:1990904]; ribosome [GO:0005840]; structural constituent of ribosome [GO:0003735]; translation [GO:0006412]
Q39XZ9	reviewed	rplP Gmet_0633	269799		ribonucleoprotein complex [GO:1990904]; ribosome [GO:0005840]; rRNA binding [GO:0019843]; structural constituent of ribosome [GO:0003735]; tRNA binding [GO:0000049]; translation [GO:0006412]
Q39Y00	reviewed	rpsC Gmet_0632	269799		ribonucleoprotein complex [GO:1990904]; ribosome [GO:0005840]; mRNA binding [GO:0003729]; rRNA binding [GO:0019843]; structural constituent of ribosome [GO:0003735]; translation [GO:0006412]
Q39Y01	reviewed	rplV Gmet_0631	269799		large ribosomal subunit [GO:0015934]; rRNA binding [GO:0019843]; structural constituent of ribosome [GO:0003735]; translation [GO:0006412]
Q39Y02	reviewed	rpsS Gmet_0630	269799		cytoplasm [GO:0005737]; small ribosomal subunit [GO:0015935]; rRNA binding [GO:0019843]; structural constituent of ribosome [GO:0003735]; translation [GO:0006412]
Q39Y03	reviewed	rplB Gmet_0629	269799		large ribosomal subunit [GO:0015934]; rRNA binding [GO:0019843]; structural constituent of ribosome [GO:0003735]; transferase activity [GO:0016740]; translation [GO:0006412]
Q39Y04	reviewed	rplW Gmet_0628	269799		cytosolic large ribosomal subunit [GO:0022625]; rRNA binding [GO:0019843]; structural constituent of ribosome [GO:0003735]; translation [GO:0006412]
Q39Y05	reviewed	rplD Gmet_0627	269799		ribonucleoprotein complex [GO:1990904]; ribosome [GO:0005840]; rRNA binding [GO:0019843]; structural constituent of ribosome [GO:0003735]; translation [GO:0006412]
Q39Y06	reviewed	rplC Gmet_0626	269799		ribonucleoprotein complex [GO:1990904]; ribosome [GO:0005840]; rRNA binding [GO:0019843]; structural constituent of ribosome [GO:0003735]; translation [GO:0006412]
Q39Y07	reviewed	rpsJ Gmet_0625	269799		ribonucleoprotein complex [GO:1990904]; ribosome [GO:0005840]; structural constituent of ribosome [GO:0003735]; tRNA binding [GO:0000049]; translation [GO:0006412]
Q39Y08	reviewed	tuf1 Gmet_0611; tuf2 Gmet_0624	269799		cytoplasm [GO:0005737]; GTP binding [GO:0005525]; GTPase activity [GO:0003924]; translation elongation factor activity [GO:0003746]
Q39Y09	reviewed	fusA1 Gmet_0623	269799		cytoplasm [GO:0005737]; GTP binding [GO:0005525]; GTPase activity [GO:0003924]; translation elongation factor activity [GO:0003746]
Q39Y10	reviewed	rpsG Gmet_0622	269799		small ribosomal subunit [GO:0015935]; rRNA binding [GO:0019843]; structural constituent of ribosome [GO:0003735]; tRNA binding [GO:0000049]; translation [GO:0006412]
Q39Y11	reviewed	rpsL Gmet_0621	269799		small ribosomal subunit [GO:0015935]; rRNA binding [GO:0019843]; structural constituent of ribosome [GO:0003735]; tRNA binding [GO:0000049]; translation [GO:0006412]
Q39Y13	reviewed	rpoB Gmet_0619	269799	2.7.7.6	DNA-directed RNA polymerase complex [GO:0000428]; DNA binding [GO:0003677]; DNA-directed 5'-3' RNA polymerase activity [GO:0003899]; ribonucleoside binding [GO:0032549]; DNA-templated transcription [GO:0006351]
Q39Y14	reviewed	rplL Gmet_0618	269799		cytoplasm [GO:0005737]; ribonucleoprotein complex [GO:1990904]; ribosome [GO:0005840]; structural constituent of ribosome [GO:0003735]; translation [GO:0006412]
Q39Y15	reviewed	rplJ Gmet_0617	269799		large ribosomal subunit [GO:0015934]; large ribosomal subunit rRNA binding [GO:0070180]; structural constituent of ribosome [GO:0003735]; translation [GO:0006412]
Q39Y16	reviewed	rplA Gmet_0616	269799		large ribosomal subunit [GO:0015934]; rRNA binding [GO:0019843]; structural constituent of ribosome [GO:0003735]; tRNA binding [GO:0000049]; regulation of translation [GO:0006417]; translation [GO:0006412]
Q39Y17	reviewed	rplK Gmet_0615	269799		ribonucleoprotein complex [GO:1990904]; ribosome [GO:0005840]; large ribosomal subunit rRNA binding [GO:0070180]; structural constituent of ribosome [GO:0003735]; translation [GO:0006412]
Q39Y25	reviewed	rplM Gmet_0606	269799		cytoplasm [GO:0005737]; ribonucleoprotein complex [GO:1990904]; ribosome [GO:0005840]; structural constituent of ribosome [GO:0003735]; translation [GO:0006412]
Q39Y84	reviewed	murI Gmet_0547	269799	5.1.1.3	glutamate racemase activity [GO:0008881]; cell wall organization [GO:0071555]; peptidoglycan biosynthetic process [GO:0009252]; regulation of cell shape [GO:0008360]
Q39YD4	reviewed	tal Gmet_0497	269799	2.2.1.2	cytoplasm [GO:0005737]; aldehyde-lyase activity [GO:0016832]; transaldolase activity [GO:0004801]; carbohydrate metabolic process [GO:0005975]; pentose-phosphate shunt [GO:0006098]
Q39YD7	reviewed	Gmet_0494	269799		DNA binding [GO:0003677]; DNA-binding transcription factor activity [GO:0003700]; nickel cation binding [GO:0016151]; response to nickel cation [GO:0010045]
Q39YE5	reviewed	cobD Gmet_0486	269799		plasma membrane [GO:0005886]; ABC-type vitamin B12 transporter activity [GO:0015420]; threonine-phosphate decarboxylase activity [GO:0048472]; cobalamin biosynthetic process [GO:0009236]
Q39YF3	reviewed	cbiD Gmet_0478	269799	2.1.1.195	cobalt-precorrin-5B C1-methyltransferase activity [GO:0043780]; anaerobic cobalamin biosynthetic process [GO:0019251]; methylation [GO:0032259]
Q39YG4	reviewed	cobT Gmet_0467	269799	2.4.2.21	nicotinate-nucleotide-dimethylbenzimidazole phosphoribosyltransferase activity [GO:0008939]; cobalamin biosynthetic process [GO:0009236]
Q39YG6	reviewed	engB Gmet_0465	269799		GTP binding [GO:0005525]; metal ion binding [GO:0046872]; division septum assembly [GO:0000917]
Q39YJ0	reviewed	fliW Gmet_0441	269799		cytoplasm [GO:0005737]; bacterial-type flagellum assembly [GO:0044780]; regulation of translation [GO:0006417]
Q39YJ1	reviewed	csrA Gmet_0440	269799		cytoplasm [GO:0005737]; mRNA 5'-UTR binding [GO:0048027]; bacterial-type flagellum organization [GO:0044781]; mRNA catabolic process [GO:0006402]; negative regulation of translational initiation [GO:0045947]; regulation of bacterial-type flagellum assembly [GO:1902208]; regulation of carbohydrate metabolic process [GO:0006109]
Q39YJ7	reviewed	flgI Gmet_0434	269799		bacterial-type flagellum basal body, distal rod, P ring [GO:0009428]; outer membrane-bounded periplasmic space [GO:0030288]; structural molecule activity [GO:0005198]; bacterial-type flagellum-dependent cell motility [GO:0071973]
Q39YJ8	reviewed	flgH Gmet_0433	269799		bacterial-type flagellum basal body, distal rod, L ring [GO:0009427]; cell outer membrane [GO:0009279]; cytoskeletal motor activity [GO:0003774]; bacterial-type flagellum-dependent cell motility [GO:0071973]
Q39YM7	reviewed	rsmH mraW Gmet_0404	269799	2.1.1.199	cytoplasm [GO:0005737]; rRNA (cytosine-N4-)-methyltransferase activity [GO:0071424]; rRNA base methylation [GO:0070475]
Q39YM8	reviewed	mraZ Gmet_0403	269799		cytoplasm [GO:0005737]; nucleoid [GO:0009295]; DNA binding [GO:0003677]; DNA-binding transcription factor activity [GO:0003700]
Q39YP0	reviewed	rpsU Gmet_0391	269799		ribonucleoprotein complex [GO:1990904]; ribosome [GO:0005840]; structural constituent of ribosome [GO:0003735]; translation [GO:0006412]
Q39YP1	reviewed	hisE Gmet_0390	269799	3.6.1.31	cytoplasm [GO:0005737]; ATP binding [GO:0005524]; phosphoribosyl-ATP diphosphatase activity [GO:0004636]; L-histidine biosynthetic process [GO:0000105]
Q39YP3	reviewed	hisA Gmet_0388	269799	5.3.1.16	cytoplasm [GO:0005737]; 1-(5-phosphoribosyl)-5-[(5-phosphoribosylamino)methylideneamino]imidazole-4-carboxamide isomerase activity [GO:0003949]; L-histidine biosynthetic process [GO:0000105]
Q39YP5	reviewed	hisB Gmet_0386	269799	4.2.1.19	cytoplasm [GO:0005737]; imidazoleglycerol-phosphate dehydratase activity [GO:0004424]; L-histidine biosynthetic process [GO:0000105]
Q39YP6	reviewed	hisC Gmet_0385	269799	2.6.1.9	histidinol-phosphate transaminase activity [GO:0004400]; pyridoxal phosphate binding [GO:0030170]; L-histidine biosynthetic process [GO:0000105]
Q39YP8	reviewed	hisG Gmet_0383	269799	2.4.2.17	cytoplasm [GO:0005737]; ATP binding [GO:0005524]; ATP phosphoribosyltransferase activity [GO:0003879]; L-histidine biosynthetic process [GO:0000105]
Q39YQ1	reviewed	prfA Gmet_0380	269799		cytoplasm [GO:0005737]; translation release factor activity, codon specific [GO:0016149]
Q39YQ4	reviewed	rpmE Gmet_0377	269799		ribonucleoprotein complex [GO:1990904]; ribosome [GO:0005840]; metal ion binding [GO:0046872]; rRNA binding [GO:0019843]; structural constituent of ribosome [GO:0003735]; translation [GO:0006412]
Q39Z11	reviewed	msrA Gmet_0268	269799	1.8.4.11	L-methionine:thioredoxin-disulfide S-oxidoreductase activity [GO:0033744]; peptide-methionine (S)-S-oxide reductase activity [GO:0008113]; protein modification process [GO:0036211]
Q39Z26	reviewed	ctaB Gmet_0253	269799	2.5.1.141	plasma membrane [GO:0005886]; protoheme IX farnesyltransferase activity [GO:0008495]; heme O biosynthetic process [GO:0048034]
Q39Z69	reviewed	argH Gmet_0209	269799	4.3.2.1	cytoplasm [GO:0005737]; argininosuccinate lyase activity [GO:0004056]; arginine biosynthetic process via ornithine [GO:0042450]
Q39Z72	reviewed	argG Gmet_0206	269799	6.3.4.5	cytoplasm [GO:0005737]; argininosuccinate synthase activity [GO:0004055]; ATP binding [GO:0005524]; arginine biosynthetic process [GO:0006526]
Q39Z73	reviewed	argF Gmet_0205	269799	2.1.3.3	cytoplasm [GO:0005737]; amino acid binding [GO:0016597]; ornithine carbamoyltransferase activity [GO:0004585]; arginine biosynthetic process [GO:0006526]
Q39Z86	reviewed	prfC Gmet_0192	269799		cytoplasm [GO:0005737]; GTP binding [GO:0005525]; GTPase activity [GO:0003924]; translation release factor activity, codon specific [GO:0016149]; regulation of translational termination [GO:0006449]
Q39ZB6	reviewed	nuoH1 Gmet_0161	269799	7.1.1.-	plasma membrane [GO:0005886]; oxidoreductase activity, acting on NAD(P)H, quinone or similar compound as acceptor [GO:0016655]; quinone binding [GO:0048038]
Q39ZJ9	reviewed	gatC Gmet_0076	269799	6.3.5.-	asparaginyl-tRNA synthase (glutamine-hydrolyzing) activity [GO:0050566]; ATP binding [GO:0005524]; glutaminyl-tRNA synthase (glutamine-hydrolyzing) activity [GO:0050567]; regulation of translational fidelity [GO:0006450]; translation [GO:0006412]
Q39ZK0	reviewed	gatA Gmet_0075	269799	6.3.5.7	glutamyl-tRNA(Gln) amidotransferase complex [GO:0030956]; ATP binding [GO:0005524]; glutaminyl-tRNA synthase (glutamine-hydrolyzing) activity [GO:0050567]; translation [GO:0006412]
Q39ZK2	reviewed	gatB Gmet_0073	269799	6.3.5.-	asparaginyl-tRNA synthase (glutamine-hydrolyzing) activity [GO:0050566]; ATP binding [GO:0005524]; glutaminyl-tRNA synthase (glutamine-hydrolyzing) activity [GO:0050567]; translation [GO:0006412]
Q39ZL4	reviewed	selA Gmet_0061	269799	2.9.1.1	cytoplasm [GO:0005737]; L-seryl-tRNA(Sec) selenium transferase activity [GO:0004125]; selenocysteine incorporation [GO:0001514]
Q39ZL5	reviewed	ispD Gmet_0060	269799	2.7.7.60	2-C-methyl-D-erythritol 4-phosphate cytidylyltransferase activity [GO:0050518]; isopentenyl diphosphate biosynthetic process, methylerythritol 4-phosphate pathway [GO:0019288]
Q39ZL8	reviewed	cysS Gmet_0057	269799	6.1.1.16	cytoplasm [GO:0005737]; ATP binding [GO:0005524]; cysteine-tRNA ligase activity [GO:0004817]; zinc ion binding [GO:0008270]; cysteinyl-tRNA aminoacylation [GO:0006423]
Q39ZN3	reviewed	hslO Gmet_0041	269799		cytoplasm [GO:0005737]; unfolded protein binding [GO:0051082]; protein folding [GO:0006457]
Q39ZN5	reviewed	kup2 Gmet_0039	269799		plasma membrane [GO:0005886]; potassium ion transmembrane transporter activity [GO:0015079]; symporter activity [GO:0015293]
Q39ZN6	reviewed	kup1 Gmet_0038	269799		plasma membrane [GO:0005886]; potassium ion transmembrane transporter activity [GO:0015079]; symporter activity [GO:0015293]
Q39ZP6	reviewed	groES groS Gmet_0028	269799		cytoplasm [GO:0005737]; ATP binding [GO:0005524]; protein folding chaperone [GO:0044183]
Q39ZS1	reviewed	recF Gmet_0003	269799		cytoplasm [GO:0005737]; ATP binding [GO:0005524]; single-stranded DNA binding [GO:0003697]; DNA repair [GO:0006281]; DNA replication [GO:0006260]; SOS response [GO:0009432]
Q39ZS3	reviewed	dnaA Gmet_0001	269799		cytoplasm [GO:0005737]; ATP binding [GO:0005524]; ATP hydrolysis activity [GO:0016887]; DNA replication origin binding [GO:0003688]; DNA replication initiation [GO:0006270]; regulation of DNA replication [GO:0006275]
Q39PQ7	reviewed	Gmet_3562	269799		plasma membrane [GO:0005886]
Q39QQ5	reviewed	Gmet_3206	269799		
Q39RP2	reviewed	Gmet_2864	269799		nucleic acid binding [GO:0003676]
Q39UT1	reviewed	Gmet_1762	269799		triphosphoric monoester hydrolase activity [GO:0016793]
Q39UW8	reviewed	Gmet_1725	269799		
Q39WK9	reviewed	sfsA Gmet_1127	269799		DNA binding [GO:0003677]
Q39XN9	reviewed	Gmet_0743	269799		cytoplasm [GO:0005737]; DNA binding [GO:0003677]; regulation of DNA-templated transcription [GO:0006355]
Q39Z17	reviewed	Gmet_0262	269799		
Q39Z82	reviewed	Gmet_0196	269799		
Q39Z84	reviewed	Gmet_0194	269799		lyase activity [GO:0016829]; nickel cation binding [GO:0016151]
