Entry	Reviewed	Entry Name	Gene Names	EC number	Gene Ontology (GO)	Organism (ID)
B0V4U0	reviewed	RLMN_ACIBY	rlmN ABAYE3266	2.1.1.192	cytoplasm [GO:0005737]; 4 iron, 4 sulfur cluster binding [GO:0051539]; metal ion binding [GO:0046872]; rRNA (adenine(2503)-C2-)-methyltransferase activity [GO:0070040]; rRNA binding [GO:0019843]; tRNA (adenine(37)-C2)-methyltransferase activity [GO:0002935]; tRNA binding [GO:0000049]; rRNA base methylation [GO:0070475]; tRNA methylation [GO:0030488]	509173
B0V4U1	reviewed	NDK_ACIBY	ndk ABAYE3267	2.7.4.6	cytoplasm [GO:0005737]; ATP binding [GO:0005524]; metal ion binding [GO:0046872]; nucleoside diphosphate kinase activity [GO:0004550]; CTP biosynthetic process [GO:0006241]; GTP biosynthetic process [GO:0006183]; UTP biosynthetic process [GO:0006228]	509173
B0V675	reviewed	PYRG_ACIBY	pyrG ABAYE1667	6.3.4.2	cytosol [GO:0005829]; ATP binding [GO:0005524]; CTP synthase activity [GO:0003883]; glutaminase activity [GO:0004359]; identical protein binding [GO:0042802]; metal ion binding [GO:0046872]; 'de novo' CTP biosynthetic process [GO:0044210]; glutamine metabolic process [GO:0006541]; pyrimidine nucleobase biosynthetic process [GO:0019856]	509173
B0V9X1	reviewed	GLMU_ACIBY	glmU ABAYE0090	2.3.1.157; 2.7.7.23	cytoplasm [GO:0005737]; glucosamine-1-phosphate N-acetyltransferase activity [GO:0019134]; magnesium ion binding [GO:0000287]; UDP-N-acetylglucosamine diphosphorylase activity [GO:0003977]; cell morphogenesis [GO:0000902]; cell wall organization [GO:0071555]; lipid A biosynthetic process [GO:0009245]; peptidoglycan biosynthetic process [GO:0009252]; regulation of cell shape [GO:0008360]; UDP-N-acetylglucosamine biosynthetic process [GO:0006048]	509173
B0VBB3	reviewed	GLYA_ACIBY	glyA ABAYE1171	2.1.2.1	cytosol [GO:0005829]; cobalt ion binding [GO:0050897]; glycine hydroxymethyltransferase activity [GO:0004372]; pyridoxal phosphate binding [GO:0030170]; serine binding [GO:0070905]; zinc ion binding [GO:0008270]; folic acid metabolic process [GO:0046655]; glycine biosynthetic process from serine [GO:0019264]; L-serine catabolic process [GO:0006565]; tetrahydrofolate interconversion [GO:0035999]	509173
B0VE45	reviewed	FADB_ACIBY	fadB ABAYE3470	1.1.1.35; 4.2.1.17; 5.1.2.3; 5.3.3.8	fatty acid beta-oxidation multienzyme complex [GO:0036125]; 3-hydroxyacyl-CoA dehydrogenase activity [GO:0003857]; 3-hydroxybutyryl-CoA epimerase activity [GO:0008692]; delta(3)-delta(2)-enoyl-CoA isomerase activity [GO:0004165]; enoyl-CoA hydratase activity [GO:0004300]; NAD+ binding [GO:0070403]; fatty acid beta-oxidation [GO:0006635]	509173
B0VE72	reviewed	PPNP_ACIBY	ppnP ABAYE3451	2.4.2.1; 2.4.2.2	guanosine phosphorylase activity [GO:0047975]; purine-nucleoside phosphorylase activity [GO:0004731]; thymidine phosphorylase activity [GO:0009032]; uridine phosphorylase activity [GO:0004850]	509173
B0V494	reviewed	PQQE_ACIBY	pqqE ABAYE1878	1.21.98.4	4 iron, 4 sulfur cluster binding [GO:0051539]; cyclase activity [GO:0009975]; iron ion binding [GO:0005506]; oxidoreductase activity [GO:0016491]; S-adenosyl-L-methionine binding [GO:1904047]; pyrroloquinoline quinone biosynthetic process [GO:0018189]	509173
B0V4K1	reviewed	KATG_ACIBY	katG ABAYE3366	1.11.1.21	cytosol [GO:0005829]; catalase activity [GO:0004096]; heme binding [GO:0020037]; metal ion binding [GO:0046872]; cellular response to hydrogen peroxide [GO:0070301]; hydrogen peroxide catabolic process [GO:0042744]	509173
B0V4L0	reviewed	TRUA_ACIBY	truA ABAYE3352	5.4.99.12	RNA binding [GO:0003723]; tRNA pseudouridine(38-40) synthase activity [GO:0160147]; tRNA pseudouridine synthesis [GO:0031119]	509173
B0V4R6	reviewed	TIG_ACIBY	tig ABAYE3289	5.2.1.8	cytoplasm [GO:0005737]; peptidyl-prolyl cis-trans isomerase activity [GO:0003755]; protein folding chaperone [GO:0044183]; ribosome binding [GO:0043022]; 'de novo' cotranslational protein folding [GO:0051083]; cell division [GO:0051301]; chaperone-mediated protein folding [GO:0061077]; protein transport [GO:0015031]; protein unfolding [GO:0043335]	509173
B0V4S0	reviewed	METXS_ACIBY	metXS ABAYE3293	2.3.1.46	cytoplasm [GO:0005737]; homoserine O-succinyltransferase activity [GO:0008899]; methionine biosynthetic process [GO:0009086]	509173
B0V4T7	reviewed	CLPX_ACIBY	clpX ABAYE3287		HslUV protease complex [GO:0009376]; ATP binding [GO:0005524]; ATP hydrolysis activity [GO:0016887]; ATP-dependent protein folding chaperone [GO:0140662]; protein dimerization activity [GO:0046983]; unfolded protein binding [GO:0051082]; zinc ion binding [GO:0008270]; cell division [GO:0051301]; proteolysis involved in protein catabolic process [GO:0051603]	509173
B0V4V8	reviewed	DAPE_ACIBY	dapE ABAYE0676	3.5.1.18	cobalt ion binding [GO:0050897]; succinyl-diaminopimelate desuccinylase activity [GO:0009014]; zinc ion binding [GO:0008270]; diaminopimelate biosynthetic process [GO:0019877]; lysine biosynthetic process via diaminopimelate [GO:0009089]	509173
B0V514	reviewed	SECA_ACIBY	secA ABAYE0620	7.4.2.8	cytoplasm [GO:0005737]; plasma membrane [GO:0005886]; ATP binding [GO:0005524]; metal ion binding [GO:0046872]; protein-exporting ATPase activity [GO:0008564]; intracellular protein transmembrane transport [GO:0065002]; protein import [GO:0017038]; protein targeting [GO:0006605]	509173
B0V530	reviewed	ACCD_ACIBY	accD ABAYE0614	2.1.3.15	acetyl-CoA carboxylase complex [GO:0009317]; acetyl-CoA carboxylase activity [GO:0003989]; ATP binding [GO:0005524]; carboxyl- or carbamoyltransferase activity [GO:0016743]; zinc ion binding [GO:0008270]; fatty acid biosynthetic process [GO:0006633]; malonyl-CoA biosynthetic process [GO:2001295]	509173
B0V550	reviewed	SYDND_ACIBY	aspS ABAYE0588	6.1.1.23	cytoplasm [GO:0005737]; aspartate-tRNA ligase activity [GO:0004815]; aspartate-tRNA(Asn) ligase activity [GO:0050560]; ATP binding [GO:0005524]; nucleic acid binding [GO:0003676]; aspartyl-tRNA aminoacylation [GO:0006422]	509173
B0V5G7	reviewed	ISPG_ACIBY	ispG ABAYE3263	1.17.7.3	4 iron, 4 sulfur cluster binding [GO:0051539]; 4-hydroxy-3-methylbut-2-en-1-yl diphosphate synthase activity (ferredoxin) [GO:0046429]; 4-hydroxy-3-methylbut-2-enyl-diphosphate synthase activity (flavodoxin) [GO:0141197]; iron ion binding [GO:0005506]; isopentenyl diphosphate biosynthetic process, methylerythritol 4-phosphate pathway [GO:0019288]; terpenoid biosynthetic process [GO:0016114]	509173
B0V5G8	reviewed	ILVC_ACIBY	ilvC ABAYE3238	1.1.1.86	ketol-acid reductoisomerase activity [GO:0004455]; magnesium ion binding [GO:0000287]; NADP binding [GO:0050661]; isoleucine biosynthetic process [GO:0009097]; valine biosynthetic process [GO:0009099]	509173
B0V5M5	reviewed	PANB_ACIBY	panB ABAYE3175	2.1.2.11	cytoplasm [GO:0005737]; 3-methyl-2-oxobutanoate hydroxymethyltransferase activity [GO:0003864]; magnesium ion binding [GO:0000287]; pantothenate biosynthetic process [GO:0015940]	509173
B0V5N2	reviewed	RLMD_ACIBY	rlmD rumA ABAYE3182	2.1.1.190	4 iron, 4 sulfur cluster binding [GO:0051539]; iron ion binding [GO:0005506]; RNA binding [GO:0003723]; rRNA (uridine-C5-)-methyltransferase activity [GO:0070041]	509173
B0V5P2	reviewed	SYT_ACIBY	thrS ABAYE3169	6.1.1.3	cytoplasm [GO:0005737]; ATP binding [GO:0005524]; metal ion binding [GO:0046872]; threonine-tRNA ligase activity [GO:0004829]; tRNA binding [GO:0000049]; threonyl-tRNA aminoacylation [GO:0006435]	509173
B0V5P7	reviewed	PANC_ACIBY	panC ABAYE3174	6.3.2.1	cytosol [GO:0005829]; ATP binding [GO:0005524]; pantoate-beta-alanine ligase activity [GO:0004592]; pantothenate biosynthetic process [GO:0015940]	509173
B0V5P9	reviewed	ACCA_ACIBY	accA ABAYE3153	2.1.3.15	acetyl-CoA carboxylase complex [GO:0009317]; acetyl-CoA carboxylase activity [GO:0003989]; ATP binding [GO:0005524]; carboxyl- or carbamoyltransferase activity [GO:0016743]; fatty acid biosynthetic process [GO:0006633]; malonyl-CoA biosynthetic process [GO:2001295]	509173
B0V5Q6	reviewed	SYFA_ACIBY	pheS ABAYE3160	6.1.1.20	cytoplasm [GO:0005737]; ATP binding [GO:0005524]; magnesium ion binding [GO:0000287]; phenylalanine-tRNA ligase activity [GO:0004826]; tRNA binding [GO:0000049]; phenylalanyl-tRNA aminoacylation [GO:0006432]	509173
B0V5S5	reviewed	MNME_ACIBY	mnmE trmE ABAYE3899	3.6.-.-	cytosol [GO:0005829]; GTP binding [GO:0005525]; GTPase activity [GO:0003924]; metal ion binding [GO:0046872]; tRNA methylation [GO:0030488]; tRNA wobble uridine modification [GO:0002098]	509173
B0V5W8	reviewed	RNPH_ACIBY	rph ABAYE3828	2.7.7.56	3'-5'-RNA exonuclease activity [GO:0000175]; tRNA binding [GO:0000049]; tRNA nucleotidyltransferase activity [GO:0009022]; rRNA catabolic process [GO:0016075]; rRNA processing [GO:0006364]; tRNA processing [GO:0008033]	509173
B0V5X4	reviewed	UBIG_ACIBY	ubiG ABAYE3834	2.1.1.222; 2.1.1.64	2-polyprenyl-6-hydroxyphenol methylase activity [GO:0102208]; 3,4-dihydroxy-5-polyprenylbenzoic acid O-methyltransferase activity [GO:0010420]; 3-demethylubiquinol-n 3-O-methyltransferase activity [GO:0061542]; methylation [GO:0032259]	509173
B0V625	reviewed	TGT_ACIBY	tgt ABAYE0528	2.4.2.29	metal ion binding [GO:0046872]; tRNA-guanosine(34) queuine transglycosylase activity [GO:0008479]; queuosine biosynthetic process [GO:0008616]; tRNA-guanine transglycosylation [GO:0101030]	509173
B0V636	reviewed	MNMC_ACIBY	mnmC ABAYE0517	1.5.-.-; 2.1.1.61	cytoplasm [GO:0005737]; flavin adenine dinucleotide binding [GO:0050660]; oxidoreductase activity, acting on the CH-NH group of donors [GO:0016645]; tRNA (5-methylaminomethyl-2-thiouridylate)(34)-methyltransferase activity [GO:0004808]; methylation [GO:0032259]; tRNA wobble base modification [GO:0002097]	509173
B0V677	reviewed	ENO_ACIBY	eno ABAYE1669	4.2.1.11	cell surface [GO:0009986]; extracellular region [GO:0005576]; phosphopyruvate hydratase complex [GO:0000015]; magnesium ion binding [GO:0000287]; phosphopyruvate hydratase activity [GO:0004634]; glycolytic process [GO:0006096]	509173
B0V681	reviewed	RPIA_ACIBY	rpiA ABAYE1650	5.3.1.6	cytosol [GO:0005829]; ribose-5-phosphate isomerase activity [GO:0004751]; D-ribose metabolic process [GO:0006014]; pentose-phosphate shunt, non-oxidative branch [GO:0009052]	509173
B0V684	reviewed	ARGC_ACIBY	argC ABAYE1653	1.2.1.38	cytoplasm [GO:0005737]; N-acetyl-gamma-glutamyl-phosphate reductase activity [GO:0003942]; NAD binding [GO:0051287]; NADP+ binding [GO:0070401]; arginine biosynthetic process [GO:0006526]	509173
B0V6E8	reviewed	RIMO_ACIBY	rimO ABAYE1576	2.8.4.4	cytosol [GO:0005829]; 4 iron, 4 sulfur cluster binding [GO:0051539]; aspartic acid methylthiotransferase activity [GO:0035599]; metal ion binding [GO:0046872]; protein methylthiotransferase activity [GO:0103039]; tRNA modification [GO:0006400]	509173
B0V6F3	reviewed	DXR_ACIBY	dxr ABAYE1581	1.1.1.267	1-deoxy-D-xylulose-5-phosphate reductoisomerase activity [GO:0030604]; metal ion binding [GO:0046872]; NADPH binding [GO:0070402]; isopentenyl diphosphate biosynthetic process, methylerythritol 4-phosphate pathway [GO:0019288]	509173
B0V6G3	reviewed	ISPF_ACIBY	ispF ABAYE1569	4.6.1.12	2-C-methyl-D-erythritol 2,4-cyclodiphosphate synthase activity [GO:0008685]; metal ion binding [GO:0046872]; isopentenyl diphosphate biosynthetic process, methylerythritol 4-phosphate pathway [GO:0019288]; terpenoid biosynthetic process [GO:0016114]	509173
B0V6J2	reviewed	G6PI_ACIBY	pgi ABAYE3801	5.3.1.9	cytoplasm [GO:0005737]; carbohydrate derivative binding [GO:0097367]; glucose-6-phosphate isomerase activity [GO:0004347]; gluconeogenesis [GO:0006094]; glycolytic process [GO:0006096]	509173
B0V6L1	reviewed	LLDD_ACIBY	lldD ABAYE3797	1.1.-.-	plasma membrane [GO:0005886]; FMN binding [GO:0010181]; L-lactate dehydrogenase activity [GO:0004459]; lactate oxidation [GO:0019516]	509173
B0V6R4	reviewed	MIAB_ACIBY	miaB ABAYE0462	2.8.4.3	cytoplasm [GO:0005737]; 4 iron, 4 sulfur cluster binding [GO:0051539]; metal ion binding [GO:0046872]; methylthiotransferase activity [GO:0035596]; tRNA methylthiolation [GO:0035600]	509173
B0V6U7	reviewed	RPOA_ACIBY	rpoA ABAYE0433	2.7.7.6	cytoplasm [GO:0005737]; DNA-directed RNA polymerase complex [GO:0000428]; DNA binding [GO:0003677]; DNA-directed 5'-3' RNA polymerase activity [GO:0003899]; protein dimerization activity [GO:0046983]; DNA-templated transcription [GO:0006351]	509173
B0V707	reviewed	AROE_ACIBY	aroE ABAYE0377	1.1.1.25	cytosol [GO:0005829]; NADP binding [GO:0050661]; shikimate 3-dehydrogenase (NADP+) activity [GO:0004764]; amino acid biosynthetic process [GO:0008652]; aromatic amino acid family biosynthetic process [GO:0009073]; chorismate biosynthetic process [GO:0009423]; shikimate metabolic process [GO:0019632]	509173
B0V709	reviewed	RIBA_ACIBY	ribA ABAYE0379	3.5.4.25	cytosol [GO:0005829]; 3,4-dihydroxy-2-butanone-4-phosphate synthase activity [GO:0008686]; GTP binding [GO:0005525]; GTP cyclohydrolase II activity [GO:0003935]; zinc ion binding [GO:0008270]; riboflavin biosynthetic process [GO:0009231]	509173
B0V710	reviewed	DXS_ACIBY	dxs ABAYE0381	2.2.1.7	1-deoxy-D-xylulose-5-phosphate synthase activity [GO:0008661]; magnesium ion binding [GO:0000287]; thiamine pyrophosphate binding [GO:0030976]; 1-deoxy-D-xylulose 5-phosphate biosynthetic process [GO:0052865]; terpenoid biosynthetic process [GO:0016114]; thiamine biosynthetic process [GO:0009228]	509173
B0V732	reviewed	AROQ_ACIBY	aroQ ABAYE1539	4.2.1.10	3-dehydroquinate dehydratase activity [GO:0003855]; amino acid biosynthetic process [GO:0008652]; aromatic amino acid family biosynthetic process [GO:0009073]; chorismate biosynthetic process [GO:0009423]; quinate catabolic process [GO:0019631]	509173
B0V744	reviewed	MURB_ACIBY	murB ABAYE1526	1.3.1.98	cytosol [GO:0005829]; FAD binding [GO:0071949]; UDP-N-acetylmuramate dehydrogenase activity [GO:0008762]; cell division [GO:0051301]; cell wall organization [GO:0071555]; peptidoglycan biosynthetic process [GO:0009252]; regulation of cell shape [GO:0008360]	509173
B0V782	reviewed	THIM_ACIBY	thiM ABAYE1466	2.7.1.50	ATP binding [GO:0005524]; hydroxyethylthiazole kinase activity [GO:0004417]; magnesium ion binding [GO:0000287]; thiamine biosynthetic process [GO:0009228]; thiamine diphosphate biosynthetic process [GO:0009229]	509173
B0V7B1	reviewed	MIAA_ACIBY	miaA ABAYE1448	2.5.1.75	ATP binding [GO:0005524]; tRNA dimethylallyltransferase activity [GO:0052381]; tRNA modification [GO:0006400]	509173
B0V7U7	reviewed	NUOB_ACIBY	nuoB ABAYE3059	7.1.1.-	plasma membrane respiratory chain complex I [GO:0045272]; 4 iron, 4 sulfur cluster binding [GO:0051539]; iron ion binding [GO:0005506]; NADH dehydrogenase (ubiquinone) activity [GO:0008137]; NADH:ubiquinone reductase (non-electrogenic) activity [GO:0050136]; quinone binding [GO:0048038]; aerobic respiration [GO:0009060]; electron transport coupled proton transport [GO:0015990]	509173
B0V7U8	reviewed	NUOA_ACIBY	nuoA ABAYE3060	7.1.1.-	plasma membrane respiratory chain complex I [GO:0045272]; NADH dehydrogenase (ubiquinone) activity [GO:0008137]; NADH:ubiquinone reductase (non-electrogenic) activity [GO:0050136]; quinone binding [GO:0048038]	509173
B0V7X4	reviewed	ASTE_ACIBY	astE ABAYE0356	3.5.1.96	hydrolase activity, acting on ester bonds [GO:0016788]; succinylglutamate desuccinylase activity [GO:0009017]; zinc ion binding [GO:0008270]; arginine catabolic process to glutamate [GO:0019544]; arginine catabolic process to succinate [GO:0019545]	509173
B0V811	reviewed	TSAD_ACIBY	tsaD gcp ABAYE1288	2.3.1.234	cytoplasm [GO:0005737]; iron ion binding [GO:0005506]; N(6)-L-threonylcarbamoyladenine synthase activity [GO:0061711]; tRNA threonylcarbamoyladenosine modification [GO:0002949]	509173
B0V824	reviewed	PYRD_ACIBY	pyrD ABAYE1278	1.3.5.2	cytoplasm [GO:0005737]; plasma membrane [GO:0005886]; dihydroorotate dehydrogenase (quinone) activity [GO:0106430]; 'de novo' pyrimidine nucleobase biosynthetic process [GO:0006207]; 'de novo' UMP biosynthetic process [GO:0044205]	509173
B0V862	reviewed	GPDA_ACIBY	gpsA ABAYE1223	1.1.1.94	cytoplasm [GO:0005737]; glycerol-3-phosphate dehydrogenase (NADP+) activity [GO:0141153]; glycerol-3-phosphate dehydrogenase [NAD(P)+] activity [GO:0047952]; NAD binding [GO:0051287]; carbohydrate metabolic process [GO:0005975]; glycerol-3-phosphate biosynthetic process [GO:0046167]; glycerol-3-phosphate catabolic process [GO:0046168]; glycerophospholipid metabolic process [GO:0006650]; phospholipid biosynthetic process [GO:0008654]	509173
B0V876	reviewed	THIG_ACIBY	thiG ABAYE1214	2.8.1.10	cytoplasm [GO:0005737]; thiazole synthase activity [GO:1990107]; thiamine diphosphate biosynthetic process [GO:0009229]	509173
B0V892	reviewed	NUOK_ACIBY	nuoK ABAYE3051	7.1.1.-	plasma membrane [GO:0005886]; NADH:ubiquinone reductase (non-electrogenic) activity [GO:0050136]; quinone binding [GO:0048038]; ATP synthesis coupled electron transport [GO:0042773]	509173
B0V894	reviewed	NUOI_ACIBY	nuoI ABAYE3053	7.1.1.-	plasma membrane respiratory chain complex I [GO:0045272]; 4 iron, 4 sulfur cluster binding [GO:0051539]; iron ion binding [GO:0005506]; NADH:ubiquinone reductase (non-electrogenic) activity [GO:0050136]; quinone binding [GO:0048038]; aerobic respiration [GO:0009060]	509173
B0V899	reviewed	NUOCD_ACIBY	nuoC nuoCD nuoD ABAYE3058	7.1.1.-	NADH dehydrogenase complex [GO:0030964]; plasma membrane [GO:0005886]; NAD binding [GO:0051287]; NADH dehydrogenase (ubiquinone) activity [GO:0008137]; NADH:ubiquinone reductase (non-electrogenic) activity [GO:0050136]; quinone binding [GO:0048038]	509173
B0V8B1	reviewed	UPP_ACIBY	upp ABAYE3047	2.4.2.9	GTP binding [GO:0005525]; magnesium ion binding [GO:0000287]; uracil phosphoribosyltransferase activity [GO:0004845]; UMP salvage [GO:0044206]; uracil salvage [GO:0006223]	509173
B0V8B3	reviewed	DCD_ACIBY	dcd ABAYE3025	3.5.4.13	dCTP deaminase activity [GO:0008829]; nucleotide binding [GO:0000166]; dUMP biosynthetic process [GO:0006226]; dUTP biosynthetic process [GO:0006229]; nucleobase-containing small molecule interconversion [GO:0015949]	509173
B0V8C7	reviewed	COAX_ACIBY	coaX ABAYE3016	2.7.1.33	cytoplasm [GO:0005737]; ATP binding [GO:0005524]; pantothenate kinase activity [GO:0004594]; coenzyme A biosynthetic process [GO:0015937]	509173
B0V8E4	reviewed	DNLJ_ACIBY	ligA ABAYE3010	6.5.1.2	cytosol [GO:0005829]; DNA binding [GO:0003677]; DNA ligase (NAD+) activity [GO:0003911]; metal ion binding [GO:0046872]; base-excision repair, DNA ligation [GO:0006288]; DNA replication [GO:0006260]	509173
B0V8G1	reviewed	PAND_ACIBY	panD ABAYE2984	4.1.1.11	cytoplasm [GO:0005737]; aspartate 1-decarboxylase activity [GO:0004068]; alanine biosynthetic process [GO:0006523]; pantothenate biosynthetic process [GO:0015940]	509173
B0V8H2	reviewed	HEM1_ACIBY	hemA ABAYE2976	1.2.1.70	glutamyl-tRNA reductase activity [GO:0008883]; NADP binding [GO:0050661]; protoporphyrinogen IX biosynthetic process from glutamate [GO:0019353]	509173
B0V8I3	reviewed	COAD_ACIBY	coaD ABAYE2969	2.7.7.3	cytoplasm [GO:0005737]; ATP binding [GO:0005524]; pantetheine-phosphate adenylyltransferase activity [GO:0004595]; coenzyme A biosynthetic process [GO:0015937]	509173
B0V8K4	reviewed	ISPH_ACIBY	ispH ABAYE0313	1.17.7.4	4 iron, 4 sulfur cluster binding [GO:0051539]; 4-hydroxy-3-methylbut-2-enyl diphosphate reductase activity [GO:0051745]; metal ion binding [GO:0046872]; dimethylallyl diphosphate biosynthetic process [GO:0050992]; isopentenyl diphosphate biosynthetic process, methylerythritol 4-phosphate pathway [GO:0019288]; terpenoid biosynthetic process [GO:0016114]	509173
B0V8M8	reviewed	AROK_ACIBY	aroK ABAYE0295	2.7.1.71	cytosol [GO:0005829]; ATP binding [GO:0005524]; magnesium ion binding [GO:0000287]; shikimate kinase activity [GO:0004765]; amino acid biosynthetic process [GO:0008652]; aromatic amino acid family biosynthetic process [GO:0009073]; chorismate biosynthetic process [GO:0009423]	509173
B0V8M9	reviewed	AROB_ACIBY	aroB ABAYE0296	4.2.3.4	cytoplasm [GO:0005737]; 3-dehydroquinate synthase activity [GO:0003856]; metal ion binding [GO:0046872]; nucleotide binding [GO:0000166]; amino acid biosynthetic process [GO:0008652]; aromatic amino acid family biosynthetic process [GO:0009073]; chorismate biosynthetic process [GO:0009423]	509173
B0V8P2	reviewed	MRAY_ACIBY	mraY ABAYE0285	2.7.8.13	plasma membrane [GO:0005886]; metal ion binding [GO:0046872]; phospho-N-acetylmuramoyl-pentapeptide-transferase activity [GO:0008963]; UDP-N-acetylmuramoyl-L-alanyl-D-glutamyl-meso-2,6-diaminopimelyl-D-alanyl-D-alanine:undecaprenyl-phosphate transferase activity [GO:0051992]; cell division [GO:0051301]; cell wall organization [GO:0071555]; peptidoglycan biosynthetic process [GO:0009252]; regulation of cell shape [GO:0008360]	509173
B0V8Q3	reviewed	SYE_ACIBY	gltX ABAYE0277	6.1.1.17	cytoplasm [GO:0005737]; ATP binding [GO:0005524]; glutamate-tRNA ligase activity [GO:0004818]; tRNA binding [GO:0000049]; zinc ion binding [GO:0008270]; glutamyl-tRNA aminoacylation [GO:0006424]	509173
B0V8Y6	reviewed	ARGB_ACIBY	argB ABAYE2927	2.7.2.8	cytoplasm [GO:0005737]; acetylglutamate kinase activity [GO:0003991]; ATP binding [GO:0005524]; arginine biosynthetic process via ornithine [GO:0042450]	509173
B0V944	reviewed	BETB_ACIBY	betB ABAYE2867	1.2.1.8	betaine-aldehyde dehydrogenase activity [GO:0008802]; metal ion binding [GO:0046872]; glycine betaine biosynthetic process from choline [GO:0019285]	509173
B0V945	reviewed	BETA_ACIBY	betA ABAYE2868	1.1.99.1; 1.2.1.8	membrane [GO:0016020]; betaine-aldehyde dehydrogenase activity [GO:0008802]; choline dehydrogenase activity [GO:0008812]; flavin adenine dinucleotide binding [GO:0050660]; glycine betaine biosynthetic process from choline [GO:0019285]	509173
B0V9C8	reviewed	GLMM_ACIBY	glmM ABAYE0167	5.4.2.10	cytosol [GO:0005829]; magnesium ion binding [GO:0000287]; phosphoglucosamine mutase activity [GO:0008966]; phosphomannomutase activity [GO:0004615]; carbohydrate metabolic process [GO:0005975]; peptidoglycan biosynthetic process [GO:0009252]; UDP-N-acetylglucosamine biosynthetic process [GO:0006048]	509173
B0V9C9	reviewed	PDXH_ACIBY	pdxH ABAYE0168	1.4.3.5	FMN binding [GO:0010181]; pyridoxamine phosphate oxidase activity [GO:0004733]; pyridoxine biosynthetic process [GO:0008615]	509173
B0V9D9	reviewed	LPXC_ACIBY	lpxC ABAYE0154	3.5.1.108	metal ion binding [GO:0046872]; UDP-3-O-[3-hydroxymyristoyl] N-acetylglucosamine deacetylase activity [GO:0008759]; UDP-3-O-acyl-N-acetylglucosamine deacetylase activity [GO:0103117]; lipid A biosynthetic process [GO:0009245]	509173
B0V9F5	reviewed	MURG_ACIBY	murG ABAYE0148	2.4.1.227	plasma membrane [GO:0005886]; UDP-N-acetyl-D-glucosamine:N-acetylmuramoyl-L-alanyl-D-glutamyl-meso-2,6-diaminopimelyl-D-alanyl-D-alanine-diphosphoundecaprenol 4-beta-N-acetylglucosaminlytransferase activity [GO:0051991]; undecaprenyldiphospho-muramoylpentapeptide beta-N-acetylglucosaminyltransferase activity [GO:0050511]; carbohydrate metabolic process [GO:0005975]; cell division [GO:0051301]; cell wall organization [GO:0071555]; lipid glycosylation [GO:0030259]; peptidoglycan biosynthetic process [GO:0009252]; regulation of cell shape [GO:0008360]	509173
B0V9F6	reviewed	MURC_ACIBY	murC ABAYE0149	6.3.2.8	cytoplasm [GO:0005737]; ATP binding [GO:0005524]; UDP-N-acetylmuramate-L-alanine ligase activity [GO:0008763]; cell division [GO:0051301]; cell wall organization [GO:0071555]; peptidoglycan biosynthetic process [GO:0009252]; regulation of cell shape [GO:0008360]	509173
B0V9F7	reviewed	DDL_ACIBY	ddl ABAYE0150	6.3.2.4	cytosol [GO:0005829]; ATP binding [GO:0005524]; D-alanine-D-alanine ligase activity [GO:0008716]; metal ion binding [GO:0046872]; cell wall organization [GO:0071555]; peptidoglycan biosynthetic process [GO:0009252]; regulation of cell shape [GO:0008360]	509173
B0V9I9	reviewed	ASPD_ACIBY	nadX ABAYE2838	1.4.1.21	aspartate dehydrogenase activity [GO:0033735]; NAD binding [GO:0051287]; NADP binding [GO:0050661]; oxidoreductase activity, acting on the CH-NH2 group of donors, NAD or NADP as acceptor [GO:0016639]; NAD biosynthetic process [GO:0009435]	509173
B0V9L5	reviewed	SYK_ACIBY	lysS ABAYE2794	6.1.1.6	cytoplasm [GO:0005737]; ATP binding [GO:0005524]; lysine-tRNA ligase activity [GO:0004824]; magnesium ion binding [GO:0000287]; nucleic acid binding [GO:0003676]; lysyl-tRNA aminoacylation [GO:0006430]	509173
B0V9M3	reviewed	PPK1_ACIBY	ppk ABAYE2803	2.7.4.1	polyphosphate kinase complex [GO:0009358]; ATP binding [GO:0005524]; metal ion binding [GO:0046872]; polyphosphate kinase activity [GO:0008976]; polyphosphate biosynthetic process [GO:0006799]	509173
B0V9M4	reviewed	MTGA_ACIBY	mtgA ABAYE2804	2.4.99.28	peptidoglycan-based cell wall [GO:0009274]; plasma membrane [GO:0005886]; pentosyltransferase activity [GO:0016763]; peptidoglycan glycosyltransferase activity [GO:0008955]; cell wall organization [GO:0071555]; peptidoglycan biosynthetic process [GO:0009252]; regulation of cell shape [GO:0008360]	509173
B0V9Q9	reviewed	KAD_ACIBY	adk ABAYE2767	2.7.4.3	cytosol [GO:0005829]; adenylate kinase activity [GO:0004017]; ATP binding [GO:0005524]; nucleoside diphosphate kinase activity [GO:0004550]; AMP salvage [GO:0044209]; nucleoside diphosphate metabolic process [GO:0009132]	509173
B0V9V8	reviewed	DTD_ACIBY	dtd ABAYE0101	3.1.1.96	cytoplasm [GO:0005737]; D-tyrosyl-tRNA(Tyr) deacylase activity [GO:0051500]; Gly-tRNA(Ala) hydrolase activity [GO:0106026]; Ser(Gly)-tRNA(Ala) hydrolase activity [GO:0043908]; tRNA binding [GO:0000049]; D-amino acid catabolic process [GO:0019478]	509173
B0V9W1	reviewed	PSD_ACIBY	psd ABAYE0104	4.1.1.65	plasma membrane [GO:0005886]; phosphatidylserine decarboxylase activity [GO:0004609]; phosphatidylethanolamine biosynthetic process [GO:0006646]	509173
B0V9X5	reviewed	RISB_ACIBY	ribH ABAYE0095	2.5.1.78	cytosol [GO:0005829]; riboflavin synthase complex [GO:0009349]; 6,7-dimethyl-8-ribityllumazine synthase activity [GO:0000906]; riboflavin biosynthetic process [GO:0009231]	509173
B0V9X6	reviewed	HUTU_ACIBY	hutU ABAYE0075	4.2.1.49	cytoplasm [GO:0005737]; urocanate hydratase activity [GO:0016153]; L-histidine catabolic process to glutamate and formamide [GO:0019556]; L-histidine catabolic process to glutamate and formate [GO:0019557]	509173
B0VA24	reviewed	DNAJ_ACIBY	dnaJ ABAYE0033		cytoplasm [GO:0005737]; ATP binding [GO:0005524]; heat shock protein binding [GO:0031072]; unfolded protein binding [GO:0051082]; zinc ion binding [GO:0008270]; chaperone cofactor-dependent protein refolding [GO:0051085]; DNA replication [GO:0006260]; protein refolding [GO:0042026]; response to heat [GO:0009408]	509173
B0VA26	reviewed	DAPB_ACIBY	dapB ABAYE0036	1.17.1.8	cytosol [GO:0005829]; 4-hydroxy-tetrahydrodipicolinate reductase [GO:0008839]; NAD binding [GO:0051287]; NADP binding [GO:0050661]; oxidoreductase activity, acting on CH or CH2 groups, NAD or NADP as acceptor [GO:0016726]; diaminopimelate biosynthetic process [GO:0019877]; lysine biosynthetic process via diaminopimelate [GO:0009089]	509173
B0VAC1	reviewed	PYRC_ACIBY	pyrC ABAYE2646	3.5.2.3	cytosol [GO:0005829]; dihydroorotase activity [GO:0004151]; zinc ion binding [GO:0008270]; 'de novo' pyrimidine nucleobase biosynthetic process [GO:0006207]; 'de novo' UMP biosynthetic process [GO:0044205]	509173
B0VAE1	reviewed	ILVD_ACIBY	ilvD ABAYE0023	4.2.1.9	2 iron, 2 sulfur cluster binding [GO:0051537]; dihydroxy-acid dehydratase activity [GO:0004160]; magnesium ion binding [GO:0000287]; isoleucine biosynthetic process [GO:0009097]; valine biosynthetic process [GO:0009099]	509173
B0VAI3	reviewed	SYA_ACIBY	alaS ABAYE2595	6.1.1.7	cytoplasm [GO:0005737]; alanine-tRNA ligase activity [GO:0004813]; ATP binding [GO:0005524]; tRNA binding [GO:0000049]; zinc ion binding [GO:0008270]; alanyl-tRNA aminoacylation [GO:0006419]	509173
B0VAL3	reviewed	PYRB_ACIBY	pyrB ABAYE2578	2.1.3.2	amino acid binding [GO:0016597]; aspartate carbamoyltransferase activity [GO:0004070]; 'de novo' pyrimidine nucleobase biosynthetic process [GO:0006207]; 'de novo' UMP biosynthetic process [GO:0044205]; amino acid metabolic process [GO:0006520]	509173
B0VBC6	reviewed	QUEF_ACIBY	queF ABAYE1164	1.7.1.13	cytoplasm [GO:0005737]; preQ1 synthase activity [GO:0033739]; queuosine biosynthetic process [GO:0008616]; tRNA modification [GO:0006400]	509173
B0VBE4	reviewed	CCA_ACIBY	cca ABAYE1137	2.7.7.72; 3.1.3.-; 3.1.4.-	ATP binding [GO:0005524]; CCA tRNA nucleotidyltransferase activity [GO:0004810]; cyclic-nucleotide phosphodiesterase activity [GO:0004112]; magnesium ion binding [GO:0000287]; phosphatase activity [GO:0016791]; tRNA binding [GO:0000049]; RNA repair [GO:0042245]; tRNA 3'-terminal CCA addition [GO:0001680]	509173
B0VBP3	reviewed	ATPB_ACIBY	atpD ABAYE3716	7.1.2.2	plasma membrane [GO:0005886]; proton-transporting ATP synthase complex, catalytic core F(1) [GO:0045261]; ATP binding [GO:0005524]; ATP hydrolysis activity [GO:0016887]; proton-transporting ATP synthase activity, rotational mechanism [GO:0046933]; proton-transporting ATPase activity, rotational mechanism [GO:0046961]	509173
B0VBP5	reviewed	ATPA_ACIBY	atpA ABAYE3718	7.1.2.2	plasma membrane [GO:0005886]; proton-transporting ATP synthase complex, catalytic core F(1) [GO:0045261]; ATP binding [GO:0005524]; proton-transporting ATP synthase activity, rotational mechanism [GO:0046933]; proton-transporting ATPase activity, rotational mechanism [GO:0046961]	509173
B0VBP8	reviewed	ATPL_ACIBY	atpE ABAYE3721		plasma membrane [GO:0005886]; proton-transporting ATP synthase complex, coupling factor F(o) [GO:0045263]; lipid binding [GO:0008289]; proton-transporting ATP synthase activity, rotational mechanism [GO:0046933]	509173
B0VBT2	reviewed	DCUP_ACIBY	hemE ABAYE1106	4.1.1.37	cytosol [GO:0005829]; uroporphyrinogen decarboxylase activity [GO:0004853]; protoporphyrinogen IX biosynthetic process from glutamate [GO:0019353]	509173
B0VBY5	reviewed	MNMA_ACIBY	mnmA ABAYE1041	2.8.1.13	cytoplasm [GO:0005737]; ATP binding [GO:0005524]; tRNA binding [GO:0000049]; tRNA-uridine 2-sulfurtransferase activity [GO:0103016]; tRNA modification [GO:0006400]	509173
B0VBZ1	reviewed	SURE_ACIBY	surE ABAYE1047	3.1.3.5	cytoplasm [GO:0005737]; 3'-nucleotidase activity [GO:0008254]; exopolyphosphatase activity [GO:0004309]; metal ion binding [GO:0046872]; nucleotide binding [GO:0000166]; XMP 5'-nucleosidase activity [GO:0106411]	509173
B0VC63	reviewed	GLND_ACIBY	glnD ABAYE2180	2.7.7.59; 3.1.4.-	[protein-PII] uridylyltransferase activity [GO:0008773]; phosphoric diester hydrolase activity [GO:0008081]; regulation of nitrogen utilization [GO:0006808]	509173
B0VC98	reviewed	METK_ACIBY	metK ABAYE2118	2.5.1.6	cytosol [GO:0005829]; ATP binding [GO:0005524]; magnesium ion binding [GO:0000287]; methionine adenosyltransferase activity [GO:0004478]; one-carbon metabolic process [GO:0006730]; S-adenosylmethionine biosynthetic process [GO:0006556]	509173
B0VCA5	reviewed	RUVC_ACIBY	ruvC ABAYE2126	3.1.21.10	cytoplasm [GO:0005737]; Holliday junction resolvase complex [GO:0048476]; crossover junction DNA endonuclease activity [GO:0008821]; DNA binding [GO:0003677]; magnesium ion binding [GO:0000287]; DNA recombination [GO:0006310]; DNA repair [GO:0006281]	509173
B0VCA8	reviewed	BIOB_ACIBY	bioB ABAYE2129	2.8.1.6	2 iron, 2 sulfur cluster binding [GO:0051537]; 4 iron, 4 sulfur cluster binding [GO:0051539]; biotin synthase activity [GO:0004076]; iron ion binding [GO:0005506]; biotin biosynthetic process [GO:0009102]	509173
B0VCB7	reviewed	TSAC_ACIBY	tsaC rimN ABAYE3708	2.7.7.87	cytoplasm [GO:0005737]; ATP binding [GO:0005524]; double-stranded RNA binding [GO:0003725]; L-threonylcarbamoyladenylate synthase [GO:0061710]; tRNA threonylcarbamoyladenosine modification [GO:0002949]	509173
B0VCN6	reviewed	GSA_ACIBY	hemL ABAYE1011	5.4.3.8	cytoplasm [GO:0005737]; glutamate-1-semialdehyde 2,1-aminomutase activity [GO:0042286]; pyridoxal phosphate binding [GO:0030170]; transaminase activity [GO:0008483]; protoporphyrinogen IX biosynthetic process [GO:0006782]	509173
B0VCR5	reviewed	OBG_ACIBY	obg ABAYE0961	3.6.5.-	cytoplasm [GO:0005737]; GTP binding [GO:0005525]; GTPase activity [GO:0003924]; magnesium ion binding [GO:0000287]; ribosome biogenesis [GO:0042254]	509173
B0VCR6	reviewed	PROB_ACIBY	proB ABAYE0962	2.7.2.11	cytoplasm [GO:0005737]; ATP binding [GO:0005524]; glutamate 5-kinase activity [GO:0004349]; RNA binding [GO:0003723]; L-proline biosynthetic process [GO:0055129]	509173
B0VCT7	reviewed	LEPA_ACIBY	lepA ABAYE0938	3.6.5.n1	plasma membrane [GO:0005886]; GTP binding [GO:0005525]; GTPase activity [GO:0003924]; guanosine tetraphosphate binding [GO:0097216]; ribosome binding [GO:0043022]; translation elongation factor activity [GO:0003746]; positive regulation of translation [GO:0045727]	509173
B0VCU0	reviewed	RNC_ACIBY	rnc ABAYE0941	3.1.26.3	cytoplasm [GO:0005737]; metal ion binding [GO:0046872]; ribonuclease III activity [GO:0004525]; rRNA binding [GO:0019843]; mRNA processing [GO:0006397]; rRNA processing [GO:0006364]; tRNA processing [GO:0008033]	509173
B0VCX5	reviewed	TRMA_ACIBY	trmA ABAYE2110	2.1.1.-; 2.1.1.35	tRNA (uracil(54)-C5)-methyltransferase activity, S-adenosyl methionine-dependent [GO:0030697]; tRNA methylation [GO:0030488]	509173
B0VD03	reviewed	PGK_ACIBY	pgk ABAYE2090	2.7.2.3	cytosol [GO:0005829]; ADP binding [GO:0043531]; ATP binding [GO:0005524]; phosphoglycerate kinase activity [GO:0004618]; gluconeogenesis [GO:0006094]; glycolytic process [GO:0006096]	509173
B0VD17	reviewed	PYRF_ACIBY	pyrF ABAYE2058	4.1.1.23	cytosol [GO:0005829]; orotidine-5'-phosphate decarboxylase activity [GO:0004590]; 'de novo' pyrimidine nucleobase biosynthetic process [GO:0006207]; 'de novo' UMP biosynthetic process [GO:0044205]	509173
B0VD51	reviewed	ISCS_ACIBY	iscS ABAYE2021	2.8.1.7	cytoplasm [GO:0005737]; 2 iron, 2 sulfur cluster binding [GO:0051537]; cysteine desulfurase activity [GO:0031071]; metal ion binding [GO:0046872]; pyridoxal phosphate binding [GO:0030170]; [2Fe-2S] cluster assembly [GO:0044571]	509173
B0VDC8	reviewed	AMPA_ACIBY	pepA ABAYE3540	3.4.11.1; 3.4.11.10	cytoplasm [GO:0005737]; manganese ion binding [GO:0030145]; metalloaminopeptidase activity [GO:0070006]; proteolysis [GO:0006508]	509173
B0VDF1	reviewed	THIC_ACIBY	thiC ABAYE3518	4.1.99.17	cytosol [GO:0005829]; 4 iron, 4 sulfur cluster binding [GO:0051539]; carbon-carbon lyase activity [GO:0016830]; zinc ion binding [GO:0008270]; thiamine biosynthetic process [GO:0009228]; thiamine diphosphate biosynthetic process [GO:0009229]	509173
B0VDH9	reviewed	RPOC_ACIBY	rpoC ABAYE3488	2.7.7.6	DNA-directed RNA polymerase complex [GO:0000428]; DNA binding [GO:0003677]; DNA-directed 5'-3' RNA polymerase activity [GO:0003899]; magnesium ion binding [GO:0000287]; zinc ion binding [GO:0008270]; DNA-templated transcription [GO:0006351]	509173
B0VDI5	reviewed	RUVB_ACIBY	ruvB ABAYE0909	3.6.4.-	cytoplasm [GO:0005737]; Holliday junction resolvase complex [GO:0048476]; ATP binding [GO:0005524]; ATP hydrolysis activity [GO:0016887]; four-way junction DNA binding [GO:0000400]; four-way junction helicase activity [GO:0009378]; DNA recombination [GO:0006310]; DNA repair [GO:0006281]	509173
B0VDM7	reviewed	PDXB_ACIBY	pdxB ABAYE0853	1.1.1.290	cytoplasm [GO:0005737]; 4-phosphoerythronate dehydrogenase activity [GO:0033711]; NAD binding [GO:0051287]; protein dimerization activity [GO:0046983]; pyridoxine biosynthetic process [GO:0008615]	509173
B0VDN4	reviewed	DAPF_ACIBY	dapF ABAYE0861	5.1.1.7	cytosol [GO:0005829]; diaminopimelate epimerase activity [GO:0008837]; lysine biosynthetic process via diaminopimelate [GO:0009089]	509173
B0VDQ2	reviewed	TTCA_ACIBY	ttcA ABAYE0832	2.8.1.-	cytoplasm [GO:0005737]; 4 iron, 4 sulfur cluster binding [GO:0051539]; ATP binding [GO:0005524]; magnesium ion binding [GO:0000287]; sulfurtransferase activity [GO:0016783]; tRNA binding [GO:0000049]; tRNA thio-modification [GO:0034227]	509173
B0VDR1	reviewed	PCKG_ACIBY	pckG ABAYE0818	4.1.1.32	cytosol [GO:0005829]; GTP binding [GO:0005525]; manganese ion binding [GO:0030145]; phosphoenolpyruvate carboxykinase (GTP) activity [GO:0004613]; cellular response to glucose stimulus [GO:0071333]; gluconeogenesis [GO:0006094]; glycerol biosynthetic process from pyruvate [GO:0046327]; propionate catabolic process [GO:0019543]; response to lipid [GO:0033993]; response to starvation [GO:0042594]	509173
B0VDR6	reviewed	CH60_ACIBY	groEL groL ABAYE0823	5.6.1.7	GroEL-GroES complex [GO:1990220]; ATP binding [GO:0005524]; ATP-dependent protein folding chaperone [GO:0140662]; isomerase activity [GO:0016853]; unfolded protein binding [GO:0051082]; chaperone cofactor-dependent protein refolding [GO:0051085]; protein refolding [GO:0042026]; response to heat [GO:0009408]	509173
B0VDX7	reviewed	AROC_ACIBY	aroC ABAYE1953	4.2.3.5	cytosol [GO:0005829]; chorismate synthase activity [GO:0004107]; FMN binding [GO:0010181]; amino acid biosynthetic process [GO:0008652]; aromatic amino acid family biosynthetic process [GO:0009073]; chorismate biosynthetic process [GO:0009423]	509173
B0VE46	reviewed	FADA_ACIBY	fadA ABAYE3471	2.3.1.16	cytoplasm [GO:0005737]; acetyl-CoA C-acyltransferase activity [GO:0003988]; fatty acid beta-oxidation [GO:0006635]	509173
B0VE65	reviewed	TPIS_ACIBY	tpiA ABAYE3443	5.3.1.1	cytosol [GO:0005829]; triose-phosphate isomerase activity [GO:0004807]; gluconeogenesis [GO:0006094]; glyceraldehyde-3-phosphate biosynthetic process [GO:0046166]; glycerol catabolic process [GO:0019563]; glycolytic process [GO:0006096]	509173
B0VEA3	reviewed	PNP_ACIBY	pnp ABAYE3414	2.7.7.8	cytoplasm [GO:0005737]; magnesium ion binding [GO:0000287]; polyribonucleotide nucleotidyltransferase activity [GO:0004654]; RNA binding [GO:0003723]; mRNA catabolic process [GO:0006402]; RNA processing [GO:0006396]	509173
B0VEC9	reviewed	HEMH_ACIBY	hemH ABAYE3393	4.98.1.1	cytoplasm [GO:0005737]; ferrochelatase activity [GO:0004325]; metal ion binding [GO:0046872]; heme biosynthetic process [GO:0006783]	509173
B0VEE9	reviewed	RLME_ACIBY	rlmE ftsJ rrmJ ABAYE0805	2.1.1.166	cytoplasm [GO:0005737]; rRNA (uridine-2'-O-)-methyltransferase activity [GO:0008650]	509173
B0VEF2	reviewed	SUCC_ACIBY	sucC ABAYE0783	6.2.1.5	cytoplasm [GO:0005737]; ATP binding [GO:0005524]; magnesium ion binding [GO:0000287]; succinate-CoA ligase (ADP-forming) activity [GO:0004775]; succinate-CoA ligase (GDP-forming) activity [GO:0004776]; tricarboxylic acid cycle [GO:0006099]	509173
B0VEM6	reviewed	UPPP_ACIBY	uppP ABAYE0716	3.6.1.27	plasma membrane [GO:0005886]; undecaprenyl-diphosphatase activity [GO:0050380]; cell wall organization [GO:0071555]; peptidoglycan biosynthetic process [GO:0009252]; regulation of cell shape [GO:0008360]; response to antibiotic [GO:0046677]	509173
B0V495	reviewed	PQQD_ACIBY	pqqD ABAYE1879		quinone binding [GO:0048038]; pyrroloquinoline quinone biosynthetic process [GO:0018189]	509173
B0V496	reviewed	PQQC_ACIBY	pqqC ABAYE1880	1.3.3.11	pyrroloquinoline-quinone synthase activity [GO:0033732]; pyrroloquinoline quinone biosynthetic process [GO:0018189]; sulfur compound metabolic process [GO:0006790]	509173
B0V497	reviewed	PQQB_ACIBY	pqqB ABAYE1881		pyrroloquinoline quinone biosynthetic process [GO:0018189]	509173
B0V498	reviewed	PQQA_ACIBY	pqqA ABAYE1882		pyrroloquinoline quinone biosynthetic process [GO:0018189]	509173
B0V4L7	reviewed	LEUD_ACIBY	leuD ABAYE3359	4.2.1.33	3-isopropylmalate dehydratase complex [GO:0009316]; 3-isopropylmalate dehydratase activity [GO:0003861]; L-leucine biosynthetic process [GO:0009098]	509173
B0V4N1	reviewed	RL28_ACIBY	rpmB ABAYE3325		cytosolic large ribosomal subunit [GO:0022625]; structural constituent of ribosome [GO:0003735]; translation [GO:0006412]	509173
B0V4N2	reviewed	RL33_ACIBY	rpmG ABAYE3326		cytosolic large ribosomal subunit [GO:0022625]; structural constituent of ribosome [GO:0003735]; translation [GO:0006412]	509173
B0V4P7	reviewed	MSRA_ACIBY	msrA ABAYE3317	1.8.4.11	L-methionine:thioredoxin-disulfide S-oxidoreductase activity [GO:0033744]; peptide-methionine (S)-S-oxide reductase activity [GO:0008113]; protein modification process [GO:0036211]	509173
B0V4R4	reviewed	LGT_ACIBY	lgt ABAYE3311	2.5.1.145	plasma membrane [GO:0005886]; phosphatidylglycerol-prolipoprotein diacylglyceryl transferase activity [GO:0008961]; lipoprotein biosynthetic process [GO:0042158]	509173
B0V4R8	reviewed	Y3291_ACIBY	ABAYE3291	1.14.11.-	2-oxoglutarate-dependent dioxygenase activity [GO:0016706]; iron ion binding [GO:0005506]; L-ascorbic acid binding [GO:0031418]; DNA damage response [GO:0006974]; intracellular iron ion homeostasis [GO:0006879]	509173
B0V4S5	reviewed	TATA_ACIBY	tatA ABAYE3298		TAT protein transport complex [GO:0033281]; protein transmembrane transporter activity [GO:0008320]; protein transport by the Tat complex [GO:0043953]	509173
B0V4S6	reviewed	PROA_ACIBY	proA ABAYE3276	1.2.1.41	cytoplasm [GO:0005737]; glutamate-5-semialdehyde dehydrogenase activity [GO:0004350]; NADP binding [GO:0050661]; L-proline biosynthetic process [GO:0055129]	509173
B0V4V4	reviewed	SECB_ACIBY	secB ABAYE3257		cytoplasm [GO:0005737]; unfolded protein binding [GO:0051082]; protein folding [GO:0006457]; protein tetramerization [GO:0051262]; protein transport [GO:0015031]	509173
B0V4V6	reviewed	DER_ACIBY	der engA ABAYE3259		GTP binding [GO:0005525]; ribosome biogenesis [GO:0042254]	509173
B0V4Y6	reviewed	SYP_ACIBY	proS ABAYE0663	6.1.1.15	cytosol [GO:0005829]; aminoacyl-tRNA editing activity [GO:0002161]; ATP binding [GO:0005524]; proline-tRNA ligase activity [GO:0004827]; prolyl-tRNA aminoacylation [GO:0006433]	509173
B0V4Z1	reviewed	RSMC_ACIBY	rsmC ABAYE0644	2.1.1.172	cytoplasm [GO:0005737]; 16S rRNA (guanine(1207)-N(2))-methyltransferase activity [GO:0052914]; nucleic acid binding [GO:0003676]	509173
B0V4Z4	reviewed	MSCL_ACIBY	mscL ABAYE0647		plasma membrane [GO:0005886]; mechanosensitive monoatomic ion channel activity [GO:0008381]	509173
B0V529	reviewed	TRPA_ACIBY	trpA ABAYE0613	4.2.1.20	tryptophan synthase activity [GO:0004834]	509173
B0V5E6	reviewed	ISPD_ACIBY	ispD ABAYE1672	2.7.7.60	2-C-methyl-D-erythritol 4-phosphate cytidylyltransferase activity [GO:0050518]; isopentenyl diphosphate biosynthetic process, methylerythritol 4-phosphate pathway [GO:0019288]	509173
B0V5G6	reviewed	SYH_ACIBY	hisS ABAYE3262	6.1.1.21	cytoplasm [GO:0005737]; ATP binding [GO:0005524]; histidine-tRNA ligase activity [GO:0004821]; histidyl-tRNA aminoacylation [GO:0006427]	509173
B0V5H2	reviewed	SYL_ACIBY	leuS ABAYE3244	6.1.1.4	cytoplasm [GO:0005737]; aminoacyl-tRNA editing activity [GO:0002161]; ATP binding [GO:0005524]; leucine-tRNA ligase activity [GO:0004823]; leucyl-tRNA aminoacylation [GO:0006429]	509173
B0V5N7	reviewed	RL35_ACIBY	rpmI ABAYE3164		cytosolic large ribosomal subunit [GO:0022625]; structural constituent of ribosome [GO:0003735]; translation [GO:0006412]	509173
B0V5P1	reviewed	IF3_ACIBY	infC ABAYE3168		cytosol [GO:0005829]; membrane [GO:0016020]; ribosome binding [GO:0043022]; translation initiation factor activity [GO:0003743]; ribosome disassembly [GO:0032790]	509173
B0V5P6	reviewed	Y3173_ACIBY	ABAYE3173		ATP binding [GO:0005524]; GTP binding [GO:0005525]	509173
B0V5Q4	reviewed	IHFA_ACIBY	ihfA himA ABAYE3158		cytosol [GO:0005829]; DNA binding [GO:0003677]; structural constituent of chromatin [GO:0030527]; DNA recombination [GO:0006310]; regulation of DNA-templated transcription [GO:0006355]; regulation of translation [GO:0006417]	509173
B0V5Q9	reviewed	RL20_ACIBY	rplT ABAYE3163		cytosolic large ribosomal subunit [GO:0022625]; rRNA binding [GO:0019843]; structural constituent of ribosome [GO:0003735]; ribosomal large subunit assembly [GO:0000027]; translation [GO:0006412]	509173
B0V5R2	reviewed	RNPA_ACIBY	rnpA ABAYE3902	3.1.26.5	ribonuclease P complex [GO:0030677]; 3'-tRNA processing endoribonuclease activity [GO:0042781]; ribonuclease P activity [GO:0004526]; tRNA binding [GO:0000049]; tRNA 5'-leader removal [GO:0001682]	509173
B0V5R3	reviewed	RL34_ACIBY	rpmH ABAYE3903		ribonucleoprotein complex [GO:1990904]; ribosome [GO:0005840]; structural constituent of ribosome [GO:0003735]; translation [GO:0006412]	509173
B0V5U3	reviewed	GRPE_ACIBY	grpE ABAYE3864		cytosol [GO:0005829]; adenyl-nucleotide exchange factor activity [GO:0000774]; protein homodimerization activity [GO:0042803]; protein-folding chaperone binding [GO:0051087]; unfolded protein binding [GO:0051082]; protein folding [GO:0006457]	509173
B0V5U4	reviewed	DNAK_ACIBY	dnaK ABAYE3865		ATP binding [GO:0005524]; ATP-dependent protein folding chaperone [GO:0140662]; unfolded protein binding [GO:0051082]	509173
B0V628	reviewed	QUEA_ACIBY	queA ABAYE0531	2.4.99.17	cytoplasm [GO:0005737]; S-adenosylmethionine:tRNA ribosyltransferase-isomerase activity [GO:0051075]; queuosine biosynthetic process [GO:0008616]; tRNA wobble guanine modification [GO:0002099]	509173
B0V669	reviewed	RL13_ACIBY	rplM ABAYE0488		cytosolic large ribosomal subunit [GO:0022625]; mRNA binding [GO:0003729]; structural constituent of ribosome [GO:0003735]; negative regulation of translation [GO:0017148]; translation [GO:0006412]	509173
B0V676	reviewed	KDSA_ACIBY	kdsA ABAYE1668	2.5.1.55	cytoplasm [GO:0005737]; 3-deoxy-8-phosphooctulonate synthase activity [GO:0008676]; keto-3-deoxy-D-manno-octulosonic acid biosynthetic process [GO:0019294]	509173
B0V6E0	reviewed	RECA_ACIBY	recA ABAYE1590		cytosol [GO:0005829]; ATP binding [GO:0005524]; ATP hydrolysis activity [GO:0016887]; ATP-dependent DNA damage sensor activity [GO:0140664]; damaged DNA binding [GO:0003684]; single-stranded DNA binding [GO:0003697]; DNA recombination [GO:0006310]; DNA repair [GO:0006281]; SOS response [GO:0009432]	509173
B0V6F0	reviewed	RRF_ACIBY	frr ABAYE1578		cytoplasm [GO:0005737]; translational termination [GO:0006415]	509173
B0V6F7	reviewed	LPXD_ACIBY	lpxD ABAYE1585	2.3.1.191	N-acyltransferase activity [GO:0016410]; lipid A biosynthetic process [GO:0009245]	509173
B0V6G5	reviewed	OTC_ACIBY	arcB ABAYE1571	2.1.3.3	cytoplasm [GO:0005737]; amino acid binding [GO:0016597]; ornithine carbamoyltransferase activity [GO:0004585]; arginine catabolic process to ornithine [GO:0019547]; arginine deiminase pathway [GO:0019546]	509173
B0V6N4	reviewed	DADA_ACIBY	dadA ABAYE3774	1.4.99.-	cytoplasm [GO:0005737]; plasma membrane [GO:0005886]; D-amino-acid dehydrogenase activity [GO:0008718]; D-alanine catabolic process [GO:0055130]	509173
B0V6R7	reviewed	MDH_ACIBY	mdh ABAYE0465	1.1.1.37	L-malate dehydrogenase activity [GO:0030060]; malate metabolic process [GO:0006108]; tricarboxylic acid cycle [GO:0006099]	509173
B0V6T5	reviewed	YBEY_ACIBY	ybeY ABAYE0460	3.1.-.-	cytoplasm [GO:0005737]; metalloendopeptidase activity [GO:0004222]; RNA endonuclease activity [GO:0004521]; zinc ion binding [GO:0008270]; rRNA processing [GO:0006364]	509173
B0V6U3	reviewed	RL36_ACIBY	rpmJ ABAYE0429		cytoplasm [GO:0005737]; ribonucleoprotein complex [GO:1990904]; ribosome [GO:0005840]; structural constituent of ribosome [GO:0003735]; translation [GO:0006412]	509173
B0V6U4	reviewed	RS13_ACIBY	rpsM ABAYE0430		ribonucleoprotein complex [GO:1990904]; ribosome [GO:0005840]; rRNA binding [GO:0019843]; structural constituent of ribosome [GO:0003735]; tRNA binding [GO:0000049]; translation [GO:0006412]	509173
B0V6U5	reviewed	RS11_ACIBY	rpsK ABAYE0431		cytosolic small ribosomal subunit [GO:0022627]; rRNA binding [GO:0019843]; structural constituent of ribosome [GO:0003735]; translation [GO:0006412]	509173
B0V6U6	reviewed	RS4_ACIBY	rpsD ABAYE0432		small ribosomal subunit [GO:0015935]; rRNA binding [GO:0019843]; structural constituent of ribosome [GO:0003735]; ribosomal small subunit biogenesis [GO:0042274]; translation [GO:0006412]	509173
B0V6U8	reviewed	RL17_ACIBY	rplQ ABAYE0434		cytosolic large ribosomal subunit [GO:0022625]; structural constituent of ribosome [GO:0003735]; translation [GO:0006412]	509173
B0V6V5	reviewed	RL14_ACIBY	rplN ABAYE0418		cytosolic large ribosomal subunit [GO:0022625]; large ribosomal subunit rRNA binding [GO:0070180]; structural constituent of ribosome [GO:0003735]; translation [GO:0006412]	509173
B0V6V6	reviewed	RL24_ACIBY	rplX ABAYE0419		ribonucleoprotein complex [GO:1990904]; ribosome [GO:0005840]; rRNA binding [GO:0019843]; structural constituent of ribosome [GO:0003735]; translation [GO:0006412]	509173
B0V6V7	reviewed	RL5_ACIBY	rplE ABAYE0420		ribonucleoprotein complex [GO:1990904]; ribosome [GO:0005840]; rRNA binding [GO:0019843]; structural constituent of ribosome [GO:0003735]; tRNA binding [GO:0000049]; translation [GO:0006412]	509173
B0V6V8	reviewed	RS14_ACIBY	rpsN ABAYE0421		cytoplasm [GO:0005737]; small ribosomal subunit [GO:0015935]; rRNA binding [GO:0019843]; structural constituent of ribosome [GO:0003735]; translation [GO:0006412]	509173
B0V6V9	reviewed	RS8_ACIBY	rpsH ABAYE0422		cytosolic small ribosomal subunit [GO:0022627]; rRNA binding [GO:0019843]; structural constituent of ribosome [GO:0003735]; translation [GO:0006412]	509173
B0V6W0	reviewed	RL6_ACIBY	rplF ABAYE0423		cytosolic large ribosomal subunit [GO:0022625]; rRNA binding [GO:0019843]; structural constituent of ribosome [GO:0003735]; cytoplasmic translation [GO:0002181]	509173
B0V6W1	reviewed	RL18_ACIBY	rplR ABAYE0424		cytoplasm [GO:0005737]; ribonucleoprotein complex [GO:1990904]; ribosome [GO:0005840]; rRNA binding [GO:0019843]; structural constituent of ribosome [GO:0003735]; translation [GO:0006412]	509173
B0V6W2	reviewed	RS5_ACIBY	rpsE ABAYE0425		cytoplasm [GO:0005737]; small ribosomal subunit [GO:0015935]; rRNA binding [GO:0019843]; structural constituent of ribosome [GO:0003735]; translation [GO:0006412]	509173
B0V6W3	reviewed	RL30_ACIBY	rpmD ABAYE0426		cytosolic large ribosomal subunit [GO:0022625]; structural constituent of ribosome [GO:0003735]; translation [GO:0006412]	509173
B0V6W4	reviewed	RL15_ACIBY	rplO ABAYE0427		large ribosomal subunit [GO:0015934]; rRNA binding [GO:0019843]; structural constituent of ribosome [GO:0003735]; translation [GO:0006412]	509173
B0V6W8	reviewed	RL3_ACIBY	rplC ABAYE0408		ribonucleoprotein complex [GO:1990904]; ribosome [GO:0005840]; rRNA binding [GO:0019843]; structural constituent of ribosome [GO:0003735]; translation [GO:0006412]	509173
B0V6W9	reviewed	RL4_ACIBY	rplD ABAYE0409		ribonucleoprotein complex [GO:1990904]; ribosome [GO:0005840]; rRNA binding [GO:0019843]; structural constituent of ribosome [GO:0003735]; translation [GO:0006412]	509173
B0V6X0	reviewed	RL23_ACIBY	rplW ABAYE0410		cytosolic large ribosomal subunit [GO:0022625]; rRNA binding [GO:0019843]; structural constituent of ribosome [GO:0003735]; ribosomal large subunit assembly [GO:0000027]; translation [GO:0006412]	509173
B0V6X1	reviewed	RL2_ACIBY	rplB ABAYE0411		cytosolic large ribosomal subunit [GO:0022625]; rRNA binding [GO:0019843]; structural constituent of ribosome [GO:0003735]; transferase activity [GO:0016740]; cytoplasmic translation [GO:0002181]	509173
B0V6X2	reviewed	RS19_ACIBY	rpsS ABAYE0412		cytosolic small ribosomal subunit [GO:0022627]; rRNA binding [GO:0019843]; structural constituent of ribosome [GO:0003735]; ribosomal small subunit assembly [GO:0000028]; translation [GO:0006412]	509173
B0V6X3	reviewed	RL22_ACIBY	rplV ABAYE0413		cytosolic large ribosomal subunit [GO:0022625]; rRNA binding [GO:0019843]; structural constituent of ribosome [GO:0003735]; translation [GO:0006412]	509173
B0V6X4	reviewed	RS3_ACIBY	rpsC ABAYE0414		cytosolic small ribosomal subunit [GO:0022627]; mRNA binding [GO:0003729]; rRNA binding [GO:0019843]; structural constituent of ribosome [GO:0003735]; translation [GO:0006412]	509173
B0V6X5	reviewed	RL16_ACIBY	rplP ABAYE0415		cytosolic large ribosomal subunit [GO:0022625]; rRNA binding [GO:0019843]; structural constituent of ribosome [GO:0003735]; tRNA binding [GO:0000049]; translation [GO:0006412]	509173
B0V6X6	reviewed	RL29_ACIBY	rpmC ABAYE0416		cytosolic large ribosomal subunit [GO:0022625]; structural constituent of ribosome [GO:0003735]; translation [GO:0006412]	509173
B0V6X7	reviewed	RS17_ACIBY	rpsQ ABAYE0417		cytosolic small ribosomal subunit [GO:0022627]; rRNA binding [GO:0019843]; structural constituent of ribosome [GO:0003735]; translation [GO:0006412]	509173
B0V7E0	reviewed	RF1_ACIBY	prfA ABAYE1406		cytoplasm [GO:0005737]; translation release factor activity, codon specific [GO:0016149]	509173
B0V7F2	reviewed	PSRP_ACIBY	ABAYE1392	2.7.11.33; 2.7.4.28	ADP binding [GO:0043531]; ATP binding [GO:0005524]; phosphotransferase activity, phosphate group as acceptor [GO:0016776]; protein serine/threonine kinase activity [GO:0004674]	509173
B0V7G5	reviewed	RL9_ACIBY	rplI ABAYE1382		ribonucleoprotein complex [GO:1990904]; ribosome [GO:0005840]; rRNA binding [GO:0019843]; structural constituent of ribosome [GO:0003735]; translation [GO:0006412]	509173
B0V7G6	reviewed	RS18_ACIBY	rpsR ABAYE1383		ribonucleoprotein complex [GO:1990904]; ribosome [GO:0005840]; small ribosomal subunit rRNA binding [GO:0070181]; structural constituent of ribosome [GO:0003735]; translation [GO:0006412]	509173
B0V7G7	reviewed	RS6_ACIBY	rpsF ABAYE1384		cytoplasm [GO:0005737]; ribonucleoprotein complex [GO:1990904]; ribosome [GO:0005840]; rRNA binding [GO:0019843]; structural constituent of ribosome [GO:0003735]; translation [GO:0006412]	509173
B0V7G8	reviewed	CYOE_ACIBY	cyoE ABAYE1385	2.5.1.141	plasma membrane [GO:0005886]; protoheme IX farnesyltransferase activity [GO:0008495]; heme O biosynthetic process [GO:0048034]	509173
B0V7H8	reviewed	PRMA_ACIBY	prmA ABAYE1371	2.1.1.-	cytosol [GO:0005829]; histone methyltransferase activity [GO:0042054]; methylation [GO:0032259]	509173
B0V7I0	reviewed	MNMG_ACIBY	mnmG gidA ABAYE1373		cytoplasm [GO:0005737]; flavin adenine dinucleotide binding [GO:0050660]; tRNA wobble uridine modification [GO:0002098]	509173
B0V7Q2	reviewed	HIS8_ACIBY	hisC ABAYE3130	2.6.1.9	histidinol-phosphate transaminase activity [GO:0004400]; pyridoxal phosphate binding [GO:0030170]; L-histidine biosynthetic process [GO:0000105]	509173
B0V7R3	reviewed	RSMJ_ACIBY	rsmJ ABAYE3118	2.1.1.242	cytoplasm [GO:0005737]; rRNA (guanine-N2-)-methyltransferase activity [GO:0008990]	509173
B0V7W2	reviewed	SYGB_ACIBY	glyS ABAYE0367	6.1.1.14	cytoplasm [GO:0005737]; arginine-tRNA ligase activity [GO:0004814]; ATP binding [GO:0005524]; glycine-tRNA ligase activity [GO:0004820]; arginyl-tRNA aminoacylation [GO:0006420]; glycyl-tRNA aminoacylation [GO:0006426]	509173
B0V7X3	reviewed	ASTB_ACIBY	astB ABAYE0355	3.5.3.23	N-succinylarginine dihydrolase activity [GO:0009015]; arginine catabolic process to glutamate [GO:0019544]; arginine catabolic process to succinate [GO:0019545]	509173
B0V810	reviewed	RS21_ACIBY	rpsU ABAYE1286		ribonucleoprotein complex [GO:1990904]; ribosome [GO:0005840]; structural constituent of ribosome [GO:0003735]; translation [GO:0006412]	509173
B0V8F1	reviewed	RL32_ACIBY	rpmF ABAYE2994		large ribosomal subunit [GO:0015934]; structural constituent of ribosome [GO:0003735]; translation [GO:0006412]	509173
B0V8G0	reviewed	PTH_ACIBY	pth ABAYE2983	3.1.1.29	cytoplasm [GO:0005737]; aminoacyl-tRNA hydrolase activity [GO:0004045]; translation [GO:0006412]	509173
B0V8G6	reviewed	SSRP_ACIBY	smpB ABAYE2970		cytoplasm [GO:0005737]; RNA binding [GO:0003723]; trans-translation [GO:0070929]	509173
B0V8J1	reviewed	TRMD_ACIBY	trmD ABAYE0323	2.1.1.228	cytosol [GO:0005829]; tRNA (guanine(37)-N1)-methyltransferase activity [GO:0052906]; tRNA N1-guanine methylation [GO:0002939]	509173
B0V8J2	reviewed	RL19_ACIBY	rplS ABAYE0324		cytosolic large ribosomal subunit [GO:0022625]; structural constituent of ribosome [GO:0003735]; translation [GO:0006412]	509173
B0V8L2	reviewed	RS16_ACIBY	rpsP ABAYE0321		cytoplasm [GO:0005737]; small ribosomal subunit [GO:0015935]; structural constituent of ribosome [GO:0003735]; translation [GO:0006412]	509173
B0V8M2	reviewed	RPOZ_ACIBY	rpoZ ABAYE0311	2.7.7.6	DNA-directed RNA polymerase complex [GO:0000428]; DNA binding [GO:0003677]; DNA-directed 5'-3' RNA polymerase activity [GO:0003899]; DNA-templated transcription [GO:0006351]	509173
B0V8N7	reviewed	RSMH_ACIBY	rsmH mraW ABAYE0280	2.1.1.199	cytoplasm [GO:0005737]; rRNA (cytosine-N4-)-methyltransferase activity [GO:0071424]; rRNA base methylation [GO:0070475]	509173
B0V8R7	reviewed	HIS4_ACIBY	hisA ABAYE0250	5.3.1.16	cytoplasm [GO:0005737]; 1-(5-phosphoribosyl)-5-[(5-phosphoribosylamino)methylideneamino]imidazole-4-carboxamide isomerase activity [GO:0003949]; L-histidine biosynthetic process [GO:0000105]	509173
B0V8S1	reviewed	HIS7_ACIBY	hisB ABAYE0254	4.2.1.19	cytoplasm [GO:0005737]; imidazoleglycerol-phosphate dehydratase activity [GO:0004424]; L-histidine biosynthetic process [GO:0000105]	509173
B0V8W3	reviewed	RS12_ACIBY	rpsL ABAYE2949		small ribosomal subunit [GO:0015935]; rRNA binding [GO:0019843]; structural constituent of ribosome [GO:0003735]; tRNA binding [GO:0000049]; translation [GO:0006412]	509173
B0V8X8	reviewed	BPT_ACIBY	bpt ABAYE2942	2.3.2.29	cytoplasm [GO:0005737]; arginyl-tRNA--protein transferase activity [GO:0004057]; leucyl-tRNA--protein transferase activity [GO:0008914]; ubiquitin-dependent protein catabolic process via the N-end rule pathway [GO:0071596]	509173
B0V8Y3	reviewed	EFG_ACIBY	fusA ABAYE2947		cytosol [GO:0005829]; GTP binding [GO:0005525]; GTPase activity [GO:0003924]; guanosine tetraphosphate binding [GO:0097216]; translation elongation factor activity [GO:0003746]; ribosome disassembly [GO:0032790]	509173
B0V8Y4	reviewed	RS7_ACIBY	rpsG ABAYE2948		cytosolic small ribosomal subunit [GO:0022627]; mRNA binding [GO:0003729]; rRNA binding [GO:0019843]; structural constituent of ribosome [GO:0003735]; tRNA binding [GO:0000049]; ribosomal small subunit assembly [GO:0000028]; translation [GO:0006412]	509173
B0V8Y8	reviewed	DUT_ACIBY	dut ABAYE2929	3.6.1.23	dUTP diphosphatase activity [GO:0004170]; magnesium ion binding [GO:0000287]; dUMP biosynthetic process [GO:0006226]; dUTP catabolic process [GO:0046081]	509173
B0V8Z3	reviewed	MINC_ACIBY	minC ABAYE2934		cell morphogenesis [GO:0000902]; division septum assembly [GO:0000917]; regulation of cell division [GO:0051302]; regulation of cell septum assembly [GO:1901891]	509173
B0V8Z5	reviewed	MINE_ACIBY	minE ABAYE2936		cell division [GO:0051301]; regulation of division septum assembly [GO:0032955]	509173
B0V946	reviewed	MQO_ACIBY	mqo ABAYE2869	1.1.5.4	malate dehydrogenase (menaquinone) activity [GO:0052589]; malate dehydrogenase (quinone) activity [GO:0008924]; tricarboxylic acid cycle [GO:0006099]	509173
B0V982	reviewed	KUP_ACIBY	kup ABAYE0234		plasma membrane [GO:0005886]; potassium ion transmembrane transporter activity [GO:0015079]; symporter activity [GO:0015293]	509173
B0V9L0	reviewed	NFUA_ACIBY	nfuA ABAYE2813		4 iron, 4 sulfur cluster binding [GO:0051539]; iron ion binding [GO:0005506]; iron-sulfur cluster assembly [GO:0016226]; protein maturation [GO:0051604]	509173
B0V9N5	reviewed	CYSD_ACIBY	cysD ABAYE2791	2.7.7.4	ATP binding [GO:0005524]; sulfate adenylyltransferase (ATP) activity [GO:0004781]; hydrogen sulfide biosynthetic process [GO:0070814]; sulfate assimilation [GO:0000103]	509173
B0V9P2	reviewed	UREG_ACIBY	ureG ABAYE2773		cytoplasm [GO:0005737]; GTP binding [GO:0005525]; GTPase activity [GO:0003924]; nickel cation binding [GO:0016151]; urea catabolic process [GO:0043419]	509173
B0V9P4	reviewed	UREE_ACIBY	ureE ABAYE2775		cytoplasm [GO:0005737]; nickel cation binding [GO:0016151]; unfolded protein binding [GO:0051082]; protein folding [GO:0006457]; protein-containing complex assembly [GO:0065003]; urea metabolic process [GO:0019627]	509173
B0V9P6	reviewed	URE2_ACIBY	ureB ABAYE2777	3.5.1.5	urease complex [GO:0035550]; urease activity [GO:0009039]; urea catabolic process [GO:0043419]	509173
B0V9P7	reviewed	URE3_ACIBY	ureA ABAYE2778	3.5.1.5	cytoplasm [GO:0005737]; nickel cation binding [GO:0016151]; urease activity [GO:0009039]; urea catabolic process [GO:0043419]	509173
B0V9P8	reviewed	URED_ACIBY	ureD ABAYE2779		cytoplasm [GO:0005737]; nickel cation binding [GO:0016151]	509173
B0V9Q3	reviewed	RLMH_ACIBY	rlmH ABAYE2761	2.1.1.177	cytoplasm [GO:0005737]; rRNA (pseudouridine-N3-)-methyltransferase activity [GO:0070038]	509173
B0V9T8	reviewed	ALLC_ACIBY	alc ABAYE0128	3.5.3.4	allantoicase activity [GO:0004037]; allantoin catabolic process [GO:0000256]; purine nucleobase metabolic process [GO:0006144]	509173
B0V9X4	reviewed	NUSB_ACIBY	nusB ABAYE0094		cytosol [GO:0005829]; RNA binding [GO:0003723]; DNA-templated transcription termination [GO:0006353]; transcription antitermination [GO:0031564]	509173
B0VA00	reviewed	PUR7_ACIBY	purC ABAYE0056	6.3.2.6	cytosol [GO:0005829]; ATP binding [GO:0005524]; phosphoribosylaminoimidazolesuccinocarboxamide synthase activity [GO:0004639]; 'de novo' IMP biosynthetic process [GO:0006189]; cobalamin biosynthetic process [GO:0009236]	509173
B0VAE0	reviewed	FMT_ACIBY	fmt ABAYE0022	2.1.2.9	cytosol [GO:0005829]; methionyl-tRNA formyltransferase activity [GO:0004479]	509173
B0VAE9	reviewed	ERPA_ACIBY	erpA ABAYE0011		2 iron, 2 sulfur cluster binding [GO:0051537]; 4 iron, 4 sulfur cluster binding [GO:0051539]; iron ion binding [GO:0005506]; iron-sulfur cluster assembly [GO:0016226]; protein maturation by [4Fe-4S] cluster transfer [GO:0106035]	509173
B0VAF3	reviewed	DNAA_ACIBY	dnaA ABAYE0001		cytoplasm [GO:0005737]; plasma membrane [GO:0005886]; ATP binding [GO:0005524]; ATP hydrolysis activity [GO:0016887]; DNA replication origin binding [GO:0003688]; DNA replication initiation [GO:0006270]; regulation of DNA replication [GO:0006275]	509173
B0VAF5	reviewed	RECF_ACIBY	recF ABAYE0003		cytoplasm [GO:0005737]; ATP binding [GO:0005524]; single-stranded DNA binding [GO:0003697]; DNA replication [GO:0006260]; DNA synthesis involved in DNA repair [GO:0000731]; double-strand break repair [GO:0006302]; SOS response [GO:0009432]	509173
B0VAI1	reviewed	HISZ_ACIBY	hisZ ABAYE2593		cytoplasm [GO:0005737]; L-histidine biosynthetic process [GO:0000105]	509173
B0VAI5	reviewed	CSRA_ACIBY	csrA ABAYE2597		cytosol [GO:0005829]; mRNA 5'-UTR binding [GO:0048027]; mRNA catabolic process [GO:0006402]; negative regulation of translational initiation [GO:0045947]; positive regulation of translational initiation [GO:0045948]; regulation of carbohydrate metabolic process [GO:0006109]	509173
B0VAL5	reviewed	RLMKL_ACIBY	rlmL ABAYE2580	2.1.1.173; 2.1.1.264	cytoplasm [GO:0005737]; 23S rRNA (guanine(2445)-N(2))-methyltransferase activity [GO:0052915]; RNA binding [GO:0003723]; rRNA (guanine-N7-)-methyltransferase activity [GO:0070043]	509173
B0VAU1	reviewed	SYC_ACIBY	cysS ABAYE2493	6.1.1.16	cytoplasm [GO:0005737]; ATP binding [GO:0005524]; cysteine-tRNA ligase activity [GO:0004817]; zinc ion binding [GO:0008270]; cysteinyl-tRNA aminoacylation [GO:0006423]	509173
B0VAU7	reviewed	MUTS_ACIBY	mutS ABAYE2476		cytosol [GO:0005829]; ATP binding [GO:0005524]; ATP-dependent DNA damage sensor activity [GO:0140664]; damaged DNA binding [GO:0003684]; mismatched DNA binding [GO:0030983]; mismatch repair [GO:0006298]	509173
B0VAY5	reviewed	PXPA_ACIBY	pxpA ABAYE2441	3.5.2.9	5-oxoprolinase (ATP-hydrolyzing) activity [GO:0017168]; ATP binding [GO:0005524]; carbohydrate metabolic process [GO:0005975]	509173
B0VB44	reviewed	4HYPE_ACIBY	ABAYE2385	5.1.1.8	4-hydroxyproline epimerase activity [GO:0047580]	509173
B0VBD8	reviewed	EFTS_ACIBY	tsf ABAYE1154		cytoplasm [GO:0005737]; translation elongation factor activity [GO:0003746]	509173
B0VBM6	reviewed	ATP6_ACIBY	atpB ABAYE3723		plasma membrane [GO:0005886]; proton-transporting ATP synthase complex, coupling factor F(o) [GO:0045263]; proton-transporting ATP synthase activity, rotational mechanism [GO:0046933]; proton motive force-driven plasma membrane ATP synthesis [GO:0042777]	509173
B0VBN5	reviewed	SYR_ACIBY	argS ABAYE3732	6.1.1.19	cytoplasm [GO:0005737]; arginine-tRNA ligase activity [GO:0004814]; ATP binding [GO:0005524]; arginyl-tRNA aminoacylation [GO:0006420]	509173
B0VBP2	reviewed	ATPE_ACIBY	atpC ABAYE3715		plasma membrane [GO:0005886]; proton-transporting ATP synthase complex, catalytic core F(1) [GO:0045261]; ATP binding [GO:0005524]; proton-transporting ATP synthase activity, rotational mechanism [GO:0046933]	509173
B0VBP4	reviewed	ATPG_ACIBY	atpG ABAYE3717		plasma membrane [GO:0005886]; proton-transporting ATP synthase complex, catalytic core F(1) [GO:0045261]; ATP binding [GO:0005524]; proton-transporting ATP synthase activity, rotational mechanism [GO:0046933]; proton motive force-driven plasma membrane ATP synthesis [GO:0042777]	509173
B0VBP6	reviewed	ATPD_ACIBY	atpH ABAYE3719		plasma membrane [GO:0005886]; proton-transporting ATP synthase complex, catalytic core F(1) [GO:0045261]; proton-transporting ATP synthase activity, rotational mechanism [GO:0046933]	509173
B0VBP7	reviewed	ATPF_ACIBY	atpF ABAYE3720		plasma membrane [GO:0005886]; proton-transporting ATP synthase complex, coupling factor F(o) [GO:0045263]; proton-transporting ATP synthase activity, rotational mechanism [GO:0046933]; proton-transporting ATPase activity, rotational mechanism [GO:0046961]	509173
B0VBS1	reviewed	TRPC_ACIBY	trpC ABAYE1118	4.1.1.48	indole-3-glycerol-phosphate synthase activity [GO:0004425]; tryptophan biosynthetic process [GO:0000162]	509173
B0VBS2	reviewed	TRPD_ACIBY	trpD ABAYE1119	2.4.2.18	anthranilate phosphoribosyltransferase activity [GO:0004048]; magnesium ion binding [GO:0000287]; tryptophan biosynthetic process [GO:0000162]	509173
B0VBU8	reviewed	DCHS_ACIBY	hdc ABAYE1098	4.1.1.22	histidine decarboxylase activity [GO:0004398]; pyridoxal phosphate binding [GO:0030170]; carboxylic acid metabolic process [GO:0019752]	509173
B0VBX6	reviewed	RL31_ACIBY	rpmE ABAYE1054		ribonucleoprotein complex [GO:1990904]; ribosome [GO:0005840]; metal ion binding [GO:0046872]; rRNA binding [GO:0019843]; structural constituent of ribosome [GO:0003735]; translation [GO:0006412]	509173
B0VC45	reviewed	MSRB_ACIBY	msrB ABAYE2185	1.8.4.12	peptide-methionine (R)-S-oxide reductase activity [GO:0033743]; zinc ion binding [GO:0008270]; protein repair [GO:0030091]; response to oxidative stress [GO:0006979]	509173
B0VCV4	reviewed	KTHY_ACIBY	tmk ABAYE0933	2.7.4.9	cytosol [GO:0005829]; ATP binding [GO:0005524]; thymidylate kinase activity [GO:0004798]; dTDP biosynthetic process [GO:0006233]; dTTP biosynthetic process [GO:0006235]; dUDP biosynthetic process [GO:0006227]	509173
B0VCW7	reviewed	DAPD_ACIBY	dapD ABAYE0923	2.3.1.117	cytoplasm [GO:0005737]; 2,3,4,5-tetrahydropyridine-2,6-dicarboxylate N-succinyltransferase activity [GO:0008666]; nucleotidyltransferase activity [GO:0016779]; diaminopimelate biosynthetic process [GO:0019877]; lysine biosynthetic process via diaminopimelate [GO:0009089]	509173
B0VCY6	reviewed	SSTT_ACIBY	sstT ABAYE2097		plasma membrane [GO:0005886]; amino acid transmembrane transporter activity [GO:0015171]; symporter activity [GO:0015293]; serine transport [GO:0032329]; threonine transport [GO:0015826]	509173
B0VCZ2	reviewed	GCSH_ACIBY	gcvH ABAYE2103		cytosol [GO:0005829]; glycine cleavage complex [GO:0005960]; glycine decarboxylation via glycine cleavage system [GO:0019464]	509173
B0VCZ6	reviewed	RSMG_ACIBY	rsmG ABAYE2083	2.1.1.170	cytosol [GO:0005829]; rRNA (guanine-N7-)-methyltransferase activity [GO:0070043]	509173
B0VD12	reviewed	KDSB_ACIBY	kdsB ABAYE2076	2.7.7.38	cytoplasm [GO:0005737]; 3-deoxy-manno-octulosonate cytidylyltransferase activity [GO:0008690]; CMP-keto-3-deoxy-D-manno-octulosonic acid biosynthetic process [GO:0033468]; lipopolysaccharide biosynthetic process [GO:0009103]	509173
B0VD21	reviewed	KCY_ACIBY	cmk ABAYE2062	2.7.4.25	cytosol [GO:0005829]; ATP binding [GO:0005524]; CMP kinase activity [GO:0036430]; dCMP kinase activity [GO:0036431]; nucleobase-containing small molecule interconversion [GO:0015949]; pyrimidine nucleotide metabolic process [GO:0006220]	509173
B0VD25	reviewed	UNG_ACIBY	ung ABAYE2066	3.2.2.27	cytoplasm [GO:0005737]; uracil DNA N-glycosylase activity [GO:0004844]; base-excision repair, AP site formation via deaminated base removal [GO:0097510]	509173
B0VD42	reviewed	RS20_ACIBY	rpsT ABAYE2035		cytosol [GO:0005829]; small ribosomal subunit [GO:0015935]; small ribosomal subunit rRNA binding [GO:0070181]; structural constituent of ribosome [GO:0003735]; translation [GO:0006412]	509173
B0VD54	reviewed	HSCB_ACIBY	hscB ABAYE2024		ATPase activator activity [GO:0001671]; protein-folding chaperone binding [GO:0051087]; [2Fe-2S] cluster assembly [GO:0044571]; protein complex oligomerization [GO:0051259]; protein folding [GO:0006457]	509173
B0VD55	reviewed	HSCA_ACIBY	hscA ABAYE2025		ATP binding [GO:0005524]; ATP hydrolysis activity [GO:0016887]; ATP-dependent protein folding chaperone [GO:0140662]; unfolded protein binding [GO:0051082]; iron-sulfur cluster assembly [GO:0016226]	509173
B0VDB2	reviewed	NRDR_ACIBY	nrdR ABAYE3547		ATP binding [GO:0005524]; DNA binding [GO:0003677]; zinc ion binding [GO:0008270]; negative regulation of DNA-templated transcription [GO:0045892]	509173
B0VDE4	reviewed	ARLY_ACIBY	argH ABAYE3511	4.3.2.1	cytoplasm [GO:0005737]; argininosuccinate lyase activity [GO:0004056]; arginine biosynthetic process via ornithine [GO:0042450]	509173
B0VDG3	reviewed	RL7_ACIBY	rplL ABAYE3490		cytosolic large ribosomal subunit [GO:0022625]; mRNA binding [GO:0003729]; structural constituent of ribosome [GO:0003735]; translation [GO:0006412]	509173
B0VDG4	reviewed	RL10_ACIBY	rplJ ABAYE3491		cytosolic large ribosomal subunit [GO:0022625]; large ribosomal subunit rRNA binding [GO:0070180]; structural constituent of ribosome [GO:0003735]; translation [GO:0006412]	509173
B0VDG5	reviewed	RL1_ACIBY	rplA ABAYE3492		cytosolic large ribosomal subunit [GO:0022625]; rRNA binding [GO:0019843]; structural constituent of ribosome [GO:0003735]; tRNA binding [GO:0000049]; regulation of translation [GO:0006417]; translation [GO:0006412]	509173
B0VDG6	reviewed	RL11_ACIBY	rplK ABAYE3493		ribonucleoprotein complex [GO:1990904]; ribosome [GO:0005840]; large ribosomal subunit rRNA binding [GO:0070180]; structural constituent of ribosome [GO:0003735]; translation [GO:0006412]	509173
B0VDI0	reviewed	RPOB_ACIBY	rpoB ABAYE3489	2.7.7.6	DNA-directed RNA polymerase complex [GO:0000428]; DNA binding [GO:0003677]; DNA-directed 5'-3' RNA polymerase activity [GO:0003899]; ribonucleoside binding [GO:0032549]; DNA-templated transcription [GO:0006351]	509173
B0VDI6	reviewed	RUVA_ACIBY	ruvA ABAYE0910		cytoplasm [GO:0005737]; Holliday junction helicase complex [GO:0009379]; Holliday junction resolvase complex [GO:0048476]; ATP binding [GO:0005524]; four-way junction DNA binding [GO:0000400]; four-way junction helicase activity [GO:0009378]; DNA recombination [GO:0006310]; DNA repair [GO:0006281]	509173
B0VDJ1	reviewed	PUR5_ACIBY	purM ABAYE0889	6.3.3.1	cytoplasm [GO:0005737]; ATP binding [GO:0005524]; phosphoribosylformylglycinamidine cyclo-ligase activity [GO:0004641]; 'de novo' IMP biosynthetic process [GO:0006189]	509173
B0VDK0	reviewed	F16PA_ACIBY	fbp ABAYE0899	3.1.3.11	cytoplasm [GO:0005737]; fructose 1,6-bisphosphate 1-phosphatase activity [GO:0042132]; magnesium ion binding [GO:0000287]; gluconeogenesis [GO:0006094]	509173
B0VDQ0	reviewed	HTPX_ACIBY	htpX ABAYE0829	3.4.24.-	plasma membrane [GO:0005886]; metalloendopeptidase activity [GO:0004222]; zinc ion binding [GO:0008270]; proteolysis [GO:0006508]	509173
B0VDR5	reviewed	CH10_ACIBY	groES groS ABAYE0822		cytoplasm [GO:0005737]; ATP binding [GO:0005524]; protein folding chaperone [GO:0044183]	509173
B0VDW7	reviewed	Y1967_ACIBY	ABAYE1967		bacterial nucleoid [GO:0043590]; cytosol [GO:0005829]; DNA binding [GO:0003677]	509173
B0VE41	reviewed	UVRC_ACIBY	uvrC ABAYE3465		cytoplasm [GO:0005737]; excinuclease repair complex [GO:0009380]; DNA binding [GO:0003677]; excinuclease ABC activity [GO:0009381]; nucleotide-excision repair [GO:0006289]; SOS response [GO:0009432]	509173
B0VE80	reviewed	RBFA_ACIBY	rbfA ABAYE3437		cytosol [GO:0005829]; ribosomal small subunit binding [GO:0043024]; maturation of SSU-rRNA [GO:0030490]	509173
B0VE81	reviewed	IF2_ACIBY	infB ABAYE3438		cytoplasm [GO:0005737]; GTP binding [GO:0005525]; GTPase activity [GO:0003924]; translation initiation factor activity [GO:0003743]	509173
B0VE83	reviewed	RIMP_ACIBY	rimP ABAYE3440		cytosol [GO:0005829]; ribosomal small subunit assembly [GO:0000028]; translation [GO:0006412]	509173
B0VEA4	reviewed	RS15_ACIBY	rpsO ABAYE3415		cytoplasm [GO:0005737]; ribonucleoprotein complex [GO:1990904]; ribosome [GO:0005840]; rRNA binding [GO:0019843]; structural constituent of ribosome [GO:0003735]; translation [GO:0006412]	509173
B0VEC1	reviewed	RL31B_ACIBY	rpmE2 ABAYE3385		ribonucleoprotein complex [GO:1990904]; ribosome [GO:0005840]; structural constituent of ribosome [GO:0003735]; translation [GO:0006412]	509173
B0VEC3	reviewed	FLUC_ACIBY	fluC crcB ABAYE3387		plasma membrane [GO:0005886]; fluoride channel activity [GO:0062054]; metal ion binding [GO:0046872]; cellular detoxification of fluoride [GO:0140114]	509173
B0VEE3	reviewed	RPPH_ACIBY	rppH nudH ABAYE3364	3.6.1.-	pyrophosphatase activity [GO:0016462]	509173
B0VEG5	reviewed	TRHO_ACIBY	trhO ABAYE0771	1.14.-.-	oxidoreductase activity, acting on paired donors, with incorporation or reduction of molecular oxygen [GO:0016705]; tRNA modification [GO:0006400]	509173
B0VEJ4	reviewed	RL21_ACIBY	rplU ABAYE0753		cytoplasm [GO:0005737]; ribonucleoprotein complex [GO:1990904]; ribosome [GO:0005840]; rRNA binding [GO:0019843]; structural constituent of ribosome [GO:0003735]; translation [GO:0006412]	509173
B0VEJ5	reviewed	RL27_ACIBY	rpmA ABAYE0754		cytosolic large ribosomal subunit [GO:0022625]; structural constituent of ribosome [GO:0003735]; translation [GO:0006412]	509173
B0VEN3	reviewed	GATA_ACIBY	gatA ABAYE0698	6.3.5.7	glutamyl-tRNA(Gln) amidotransferase complex [GO:0030956]; ATP binding [GO:0005524]; glutaminyl-tRNA synthase (glutamine-hydrolyzing) activity [GO:0050567]; translation [GO:0006412]	509173
B0V5R1	reviewed	YIDD_ACIBY	ABAYE3901		plasma membrane [GO:0005886]	509173
B0V634	reviewed	Y515_ACIBY	ABAYE0515			509173
B0V7A3	reviewed	Y1440_ACIBY	ABAYE1440		plasma membrane [GO:0005886]	509173
B0VA17	reviewed	Y050_ACIBY	ABAYE0050		plasma membrane [GO:0005886]	509173
B0VA98	reviewed	Y2669_ACIBY	ABAYE2669		nucleic acid binding [GO:0003676]	509173
B0VAY4	reviewed	Y2440_ACIBY	ABAYE2440	4.2.1.-	lyase activity [GO:0016829]	509173
B0VC84	reviewed	Y2155_ACIBY	ABAYE2155		cytosol [GO:0005829]; DNA binding [GO:0003677]; regulation of DNA-templated transcription [GO:0006355]	509173
B0VDE5	reviewed	FETP_ACIBY	ABAYE3512		iron ion binding [GO:0005506]	509173
B0VDK5	reviewed	Y880_ACIBY	ABAYE0880			509173
B0VDY4	reviewed	Y1960_ACIBY	ABAYE1960			509173
B0VE54	reviewed	Y3454_ACIBY	ABAYE3454		cytosol [GO:0005829]	509173
V6BZ05	unreviewed	V6BZ05_ACIBY	tmRNA Acine_bauma_AYE			509173
